CustomerID,net_sales,total_quantity,invoice_count,purchase_invoice_count,avg_order_value
14646,279489.02,196143,76,73,3828.62
18102,256438.49,64122,62,60,4273.97
17450,187322.17,69009,55,46,4072.22
14911,132458.73,76905,248,201,659.0
12415,123725.45,76946,26,21,5891.69
14156,113214.59,56908,66,55,2058.45
17511,88125.38,63012,46,31,2842.75
16684,65892.08,49390,31,28,2353.29
13694,62690.54,61899,60,50,1253.81
15311,59284.19,37673,118,91,651.47
13089,57322.13,30742,118,97,590.95
14096,57120.909999999996,16335,34,17,3360.05
15061,54228.74,28590,55,48,1129.77
16029,53168.69,33632,76,63,843.95
17949,52750.84,27571,52,45,1172.24
15769,51823.72,27660,29,26,1993.22
14298,50862.44,58021,45,44,1155.96
14088,50415.49,12593,14,13,3878.11
17841,39869.05,22628,169,124,321.52
13798,36352.87,23515,63,57,637.77
16422,33805.69,32592,75,51,662.86
12931,33462.81,23377,20,15,2230.85
16013,33366.25,13845,54,47,709.92
15838,33350.76,9007,21,19,1755.3
17389,31300.079999999998,7430,43,34,920.59
17404,30300.82,32324,18,15,2020.05
13098,28658.88,15911,41,28,1023.53
12748,28405.56,23749,223,209,135.91
13081,27964.48,18929,21,11,2542.23
13408,27487.41,16119,81,62,443.35
14680,26932.34,12474,23,16,1683.27
17857,26763.34,19086,25,23,1163.62
16333,26626.8,32184,22,22,1210.31
13777,25748.350000000002,12804,41,33,780.25
15749,21535.9,9014,4,3,7178.63
16210,21086.3,7559,18,18,1171.46
12753,21024.01,11250,11,6,3504.0
17381,20272.43,25646,30,29,699.05
17675,20098.1,8278,41,31,648.33
15039,19638.59,9113,52,47,417.84
12731,18793.41,8366,14,12,1566.12
12471,18705.52,7953,49,30,623.52
15159,18573.68,11394,34,30,619.12
12678,17588.26,10899,13,12,1465.69
17428,17078.45,9435,33,28,609.94
13881,16989.52,10062,22,20,849.48
13767,16945.71,7258,52,37,457.99
12921,16389.74,9454,50,37,442.97
12901,16293.1,20915,36,28,581.9
17677,16201.37,9722,43,30,540.05
15856,15929.74,10802,31,27,589.99
15189,15802.14,6035,53,41,385.42
14051,15477.34,3741,26,23,672.93
16839,15357.78,8470,39,34,451.7
14031,14634.640000000001,5370,23,19,770.24
15513,14520.08,5545,22,19,764.21
16133,14305.66,8737,46,33,433.5
14866,14197.45,6569,13,12,1183.12
16705,13946.130000000001,5458,29,20,697.31
12681,13677.59,7518,27,22,621.71
12621,13612.07,7404,23,20,680.6
12433,13375.87,11071,7,7,1910.84
12540,13309.039999999999,6677,19,17,782.88
12477,13117.01,3620,9,6,2186.17
17735,13110.02,8439,19,19,690.0
14258,12650.08,7098,10,9,1405.56
13078,12432.28,5557,43,26,478.16
15498,12396.46,6084,35,27,459.13
16000,12393.7,5110,3,3,4131.23
15640,12336.74,6538,17,15,822.45
12682,12279.82,5555,31,31,396.12
12557,11990.960000000001,4384,5,5,2398.19
16525,11895.57,6493,29,26,457.52
17340,11891.18,5902,16,11,1081.02
14606,11633.35,5941,128,93,125.09
12939,11581.8,4876,8,8,1447.72
14194,11216.75,5783,32,21,534.13
15125,11117.05,5991,23,15,741.14
12409,11056.93,5543,7,3,3685.64
14895,11020.26,4823,24,20,551.01
14607,10981.1,7758,17,14,784.36
12971,10930.26,9203,89,86,127.1
13340,10736.48,5770,7,7,1533.78
17581,10716.31,5849,31,25,428.65
13319,10664.34,4686,36,26,410.17
17139,10567.87,5157,15,12,880.66
13113,10510.0,2589,40,24,437.92
14062,10464.85,5593,12,12,872.07
16779,10436.05,5212,28,22,474.37
14769,10383.83,7209,10,8,1297.98
17107,10362.48,4526,7,6,1727.08
15615,10360.04,5493,27,23,450.44
15251,10327.11,6084,15,11,938.83
16180,10217.48,5853,10,8,1277.18
16843,10183.82,10154,17,16,636.49
17865,10158.54,5698,27,20,507.93
17706,10097.37,3833,22,17,593.96
12590,9861.38,4279,3,2,4930.69
13199,9803.96,6172,39,38,258.0
13001,9765.07,5482,15,13,751.16
15078,9623.35,5069,38,32,300.73
13458,9537.92,5460,22,14,681.28
14733,9451.54,3725,15,12,787.63
16523,9295.67,4233,28,21,442.65
12709,9264.1,3808,26,15,617.61
14667,9165.04,5316,27,25,366.6
14367,9134.12,4398,19,16,570.88
12744,9120.39,5234,10,7,1302.91
12567,9114.94,4089,11,10,911.49
18092,9065.76,4250,12,11,824.16
13969,8956.92,4469,20,18,497.61
12451,8933.52,6455,6,5,1786.7
13488,8910.61,4512,17,13,685.43
16033,8690.03,3506,27,20,434.5
13090,8689.39,2194,18,14,620.67
17306,8600.73,11470,21,19,452.67
17017,8574.11,6613,27,20,428.71
16656,8568.24,8873,21,15,571.22
17243,8491.75,3312,30,26,326.61
18139,8393.22,5461,8,6,1398.87
16558,8257.04,5346,24,20,412.85
15358,8235.65,6928,29,22,374.35
12683,8221.09,4903,20,15,548.07
14936,8117.42,4083,9,8,1014.68
16672,8093.59,2812,23,20,404.68
14056,8062.46,4211,29,23,350.54
13854,8025.0199999999995,2278,29,25,321.0
14952,7912.79,3295,15,11,719.34
14849,7904.28,5656,28,25,316.17
18109,7877.27,4212,31,26,302.97
12428,7877.2,3503,12,9,875.24
12435,7829.89,2055,2,2,3914.94
15290,7803.7699999999995,4431,21,18,433.54
14796,7792.51,5912,27,17,458.38
13629,7792.36,4372,11,11,708.4
13093,7741.47,3943,13,8,967.68
14527,7709.69,2048,86,55,140.18
17811,7601.8,4097,51,39,194.92
15044,7563.88,2776,22,17,444.93
15194,7521.17,5648,22,15,501.41
18172,7490.17,3170,25,20,374.51
13263,7436.93,4768,35,35,212.48
17396,7330.8,2005,8,8,916.35
18229,7276.900000000001,2488,20,20,363.84
13018,7272.75,5434,29,28,259.74
12583,7187.34,5009,18,15,479.16
16745,7157.1,6711,18,17,421.01
12980,7092.06,864,12,9,788.01
13324,7072.8,5200,12,10,707.28
16873,7066.31,3825,10,6,1177.72
12474,7064.7699999999995,4750,30,18,392.49
16729,7041.69,5708,26,21,335.32
13985,7024.53,3437,16,15,468.3
14961,7006.58,3692,12,9,778.51
12766,6989.63,3646,7,7,998.52
12798,6977.04,5256,3,3,2325.68
15465,6945.0199999999995,1217,24,18,385.83
13027,6912.0,17280,6,6,1152.0
12989,6854.51,2915,19,15,456.97
16187,6841.24,5004,17,15,456.08
17416,6838.34,4266,9,7,976.91
16713,6827.88,4259,21,15,455.19
12705,6814.24,3973,14,9,757.14
16532,6748.8,2016,3,3,2249.6
12830,6748.4,9847,7,6,1124.73
15601,6745.36,4978,17,14,481.81
18055,6729.29,2447,11,10,672.93
13576,6703.3,2640,20,18,372.41
15023,6680.81,2819,12,11,607.35
16746,6676.76,4657,19,18,370.93
16353,6675.71,2006,23,23,290.25
15249,6657.36,3557,15,13,512.1
16652,6654.26,3267,11,7,950.61
16182,6617.65,3791,4,4,1654.41
12476,6546.58,2337,20,11,595.14
15144,6530.04,3026,18,17,384.12
16923,6488.3,3110,26,19,341.49
17338,6461.79,3054,10,8,807.72
15694,6423.6,1665,15,14,458.83
16814,6408.2,2696,22,21,305.15
15482,6393.52,2982,16,12,532.79
13871,6389.8,2801,14,13,491.52
12626,6388.35,3350,13,9,709.82
12431,6348.89,2846,18,15,423.26
13102,6336.29,4160,27,24,264.01
18223,6315.2300000000005,2890,27,14,451.09
16126,6287.77,2125,4,4,1571.94
12472,6229.48,4020,13,7,889.93
13709,6228.71,3493,17,13,479.13
12357,6207.67,2708,1,1,6207.67
17315,6193.43,3831,43,38,162.99
12359,6182.9800000000005,1599,6,4,1545.74
13668,6162.31,3617,29,21,293.44
15005,6160.54,4188,35,28,220.02
14057,6141.099999999999,4705,18,17,361.24
14060,6135.38,5374,20,19,322.91
15939,6102.26,4725,16,15,406.82
13225,6083.04,3352,8,7,869.01
17509,6069.24,3508,11,8,758.66
14101,5976.79,6942,6,6,996.13
12637,5934.25,2982,10,8,741.78
15382,5927.86,4003,8,6,987.98
13097,5886.12,2338,14,10,588.61
13418,5845.44,3839,23,18,324.75
14944,5842.95,2801,14,12,486.91
13209,5820.16,4232,11,8,727.52
14735,5807.6900000000005,2160,34,32,181.49
14505,5772.49,2723,11,8,721.56
14415,5766.85,2958,18,13,443.6
15218,5756.89,3329,11,11,523.35
17686,5739.46,2478,7,7,819.92
13178,5725.47,3570,11,11,520.5
12720,5713.28,4654,29,25,228.53
13050,5684.61,3707,28,17,334.39
14110,5669.65,2443,13,12,472.47
16553,5664.57,4595,14,12,472.05
13468,5656.75,2581,41,37,152.89
13004,5613.43,4796,22,18,311.86
13534,5613.08,2876,43,25,224.52
17049,5589.83,2666,11,9,621.09
12839,5583.62,3804,16,14,398.83
16767,5575.56,4423,11,11,506.87
12481,5574.36,3280,11,10,557.44
17757,5573.59,3314,31,30,185.79
13316,5570.6900000000005,5507,5,4,1392.67
18118,5567.03,2860,31,26,214.12
15502,5541.46,3823,23,12,461.79
14049,5536.15,3784,6,4,1384.04
17716,5505.79,3004,12,11,500.53
16985,5461.62,1830,11,10,546.16
16609,5450.96,2410,9,7,778.71
16265,5423.15,2627,11,9,602.57
12490,5417.93,3064,10,10,541.79
15805,5411.87,3317,20,17,318.35
17719,5367.8,2455,18,15,357.85
18225,5356.86,3204,17,12,446.4
13269,5312.97,3508,17,15,354.2
16161,5311.08,2490,26,19,279.53
16303,5305.83,2621,4,3,1768.61
17850,5303.4800000000005,1696,35,34,155.98
17730,5288.83,3567,15,13,406.83
15150,5280.83,3617,11,10,528.08
16258,5203.51,2994,5,5,1040.7
18226,5192.1,3459,14,11,472.01
15727,5159.06,3063,7,7,737.01
12362,5154.58,2212,13,10,515.46
16701,5150.2699999999995,6211,18,13,396.17
13756,5145.12,3164,15,14,367.51
17858,5140.66,2694,12,12,428.39
15903,5126.34,2409,8,7,732.33
17061,5116.13,1484,12,11,465.1
18198,5083.06,3839,21,17,299.0
12432,5059.32,1801,5,5,1011.86
13139,5055.79,2418,8,7,722.26
14688,5055.61,3185,27,21,240.74
16700,5040.0,4019,17,13,387.69
15719,5028.42,2717,14,13,386.8
13599,5026.85,3168,33,21,239.37
17426,5022.26,3082,7,6,837.04
15301,5007.72,2744,14,12,417.31
12444,5005.46,1153,5,5,1001.09
17602,5002.22,4100,8,6,833.7
14755,4965.38,2217,12,11,451.4
15046,4940.66,3228,16,15,329.38
16191,4913.32,3203,25,13,377.95
13941,4912.41,2307,7,5,982.48
14709,4911.14,2482,14,13,377.78
15547,4910.6,3999,14,14,350.76
12437,4896.66,2917,19,18,272.04
17133,4892.240000000001,2730,7,7,698.89
14329,4889.14,3067,14,7,698.45
12688,4873.8099999999995,3028,1,1,4873.81
12700,4867.99,2963,6,4,1217.0
12664,4863.88,1202,10,9,540.43
15786,4821.0,3307,5,3,1607.0
14292,4819.33,1643,14,9,535.48
15738,4788.77,2967,19,16,299.3
13013,4786.99,2217,15,13,368.23
17365,4767.36,4749,8,8,595.92
15555,4747.89,4398,20,16,296.74
17652,4737.13,2479,18,12,394.76
12955,4734.26,3642,14,11,430.39
17690,4717.3,1763,16,15,314.49
16722,4711.21,4989,16,13,362.4
12714,4708.86,3069,5,5,941.77
14135,4690.31,3850,15,15,312.69
15152,4684.24,2694,16,13,360.33
14562,4676.62,1663,22,18,259.81
15187,4670.08,1869,18,16,291.88
14191,4660.01,3657,14,13,358.46
14180,4640.77,710,31,25,185.63
17809,4627.62,2015,15,12,385.64
14159,4615.64,4335,14,11,419.6
14189,4604.31,3919,24,15,306.95
15291,4596.51,2074,20,15,306.43
14286,4595.81,4306,5,3,1531.94
14004,4582.64,2668,7,7,654.66
14390,4582.22,2122,13,9,509.14
16931,4554.87,3134,21,21,216.9
17068,4531.34,2154,22,21,215.78
17613,4494.77,2464,17,14,321.06
12524,4485.72,3699,8,8,560.72
12484,4480.87,2181,8,6,746.81
12627,4478.53,2752,7,7,639.79
15032,4464.1,2668,5,3,1488.03
17364,4437.23,2671,12,11,403.38
15093,4410.14,3733,9,6,735.02
14085,4408.54,3176,19,18,244.92
13267,4404.44,1939,27,19,231.81
15955,4389.81,2124,16,14,313.56
17975,4388.06,1549,14,13,337.54
16626,4379.65,2670,20,17,257.63
16984,4370.59,2365,5,2,2185.3
12752,4366.78,2262,1,1,4366.78
16945,4345.5,2725,19,19,228.71
15874,4330.67,2506,9,7,618.67
14016,4328.46,2124,5,4,1082.12
18251,4314.72,7824,1,1,4314.72
12347,4310.0,2458,7,7,615.71
17937,4301.22,1754,7,7,614.46
13505,4282.88,2461,8,4,1070.72
14422,4263.64,2906,6,6,710.61
15034,4243.21,2402,11,8,530.4
12712,4241.63,1044,17,13,326.28
14800,4228.39,3623,16,12,352.37
12500,4206.27,2671,13,11,382.39
12757,4205.25,2378,19,13,323.48
17419,4200.97,1872,14,12,350.08
15971,4199.85,1717,12,12,349.99
12747,4196.01,1275,11,11,381.46
12949,4143.02,2363,10,8,517.88
13384,4122.28,2415,9,7,588.9
17920,4119.5,2473,17,17,242.32
12536,4106.82,2652,5,3,1368.94
14525,4105.07,2603,13,9,456.12
13555,4098.88,2636,4,4,1024.72
13988,4098.8,3025,9,6,683.13
15570,4093.27,2054,13,12,341.11
18041,4075.12,3749,22,21,194.05
16592,4073.28,2914,19,16,254.58
12449,4067.29,1553,4,4,1016.82
12569,4064.9900000000002,1793,35,32,127.03
14092,4063.1,2061,17,14,290.22
16401,4061.24,3858,20,12,338.44
14401,4039.98,4505,14,13,310.77
16549,4034.9,2294,10,10,403.49
14534,4025.6,1905,25,18,223.64
16670,4022.46,2524,17,11,365.68
13815,4014.91,2557,5,4,1003.73
17567,4012.56,2428,10,8,501.57
12378,4008.62,2529,1,1,4008.62
16186,3991.94,3008,13,12,332.66
17001,3989.57,2164,11,11,362.69
12656,3982.72,1708,8,5,796.54
12957,3979.04,2531,12,8,497.38
15416,3974.37,2089,5,4,993.59
12867,3958.74,4260,10,7,565.53
13183,3957.78,2208,9,9,439.75
14547,3953.9500000000003,2629,9,8,494.24
12727,3947.7,2085,9,7,563.96
15529,3935.15,3448,12,11,357.74
14277,3928.8,1616,4,3,1309.6
17611,3924.77,2542,19,15,261.65
17769,3920.08,1845,12,10,392.01
14426,3918.9,2339,16,10,391.89
17593,3908.08,3083,6,5,781.62
13802,3906.27,2281,6,3,1302.09
14739,3899.1,3817,8,7,557.01
17651,3886.67,3100,14,10,388.67
17377,3883.32,2037,21,20,194.17
14291,3873.3,2748,12,11,352.12
12779,3868.7,1996,12,8,483.59
12749,3868.2,1422,8,5,773.64
13999,3865.26,2231,15,12,322.1
15195,3861.0,1404,1,1,3861.0
12539,3852.5,2066,5,4,963.12
15804,3848.55,2513,19,13,296.04
18073,3846.7400000000002,3092,13,12,320.56
12841,3845.63,2646,26,25,153.83
16327,3820.27,2560,6,6,636.71
12662,3817.08,2040,12,11,347.01
17091,3802.81,1743,10,9,422.53
15867,3795.29,2050,16,15,253.02
13435,3794.4900000000002,2125,9,7,542.07
16655,3789.52,2363,6,6,631.59
15299,3787.09,2940,11,7,541.01
12562,3781.7400000000002,1779,7,7,540.25
15298,3774.1,2752,14,12,314.51
16168,3770.6,1888,28,27,139.65
18087,3770.1199999999994,3571,4,2,1885.06
13124,3756.33,2119,3,3,1252.11
17173,3755.65,1121,9,8,469.46
13523,3755.38,1745,6,5,751.08
12429,3750.4,1557,4,4,937.6
12668,3743.18,1595,6,4,935.8
16145,3741.98,3072,18,11,340.18
12502,3723.87,820,5,5,744.77
17238,3719.1,1807,17,17,218.77
13266,3717.67,4299,19,12,309.81
14364,3717.35,1967,8,8,464.67
13069,3713.14,5454,27,24,154.71
14282,3701.44,2656,15,15,246.76
16240,3693.81,1634,5,2,1846.9
12597,3683.13,2187,5,4,920.78
12647,3669.92,1419,13,12,305.83
16253,3665.62,3137,3,2,1832.81
17819,3661.0699999999997,1027,8,7,523.01
16904,3653.75,1984,16,16,228.36
12553,3652.25,1924,14,10,365.22
15845,3650.87,1918,10,8,456.36
15808,3641.07,1303,5,4,910.27
16440,3640.67,2018,5,5,728.13
15379,3631.8900000000003,2293,8,7,518.84
13381,3626.81,2027,7,6,604.47
16570,3622.95,2050,15,10,362.29
13327,3617.57,1588,9,8,452.2
18079,3613.15,7347,4,4,903.29
16712,3611.31,1730,11,11,328.3
15296,3610.31,1757,10,6,601.72
13082,3595.48,4313,10,9,399.5
14132,3580.13,3366,12,11,325.47
12417,3578.8,1539,12,9,397.64
16242,3574.91,1968,8,7,510.7
17203,3560.08,2846,6,6,593.35
15484,3559.21,3134,5,4,889.8
13137,3557.96,2203,9,8,444.74
13426,3550.7000000000003,2224,12,10,355.07
14503,3543.26,2004,6,6,590.54
15544,3542.51,3105,11,9,393.61
12370,3541.94,2352,4,4,885.48
17491,3541.92,2012,11,10,354.19
17528,3540.1,2130,11,8,442.51
13552,3539.53,1386,16,12,294.96
17160,3518.03,2856,6,6,586.34
13953,3515.68,2724,7,7,502.24
16131,3506.54,1802,6,6,584.42
13334,3502.32,1764,3,3,1167.44
15505,3497.14,2348,7,5,699.43
13520,3487.75,1642,8,6,581.29
14040,3487.59,1514,15,12,290.63
16458,3482.7400000000002,2154,18,18,193.49
14907,3478.85,1686,10,7,496.98
17230,3466.67,1553,11,8,433.33
13448,3460.9900000000002,1626,10,6,576.83
15410,3450.84,1200,8,8,431.36
16019,3450.2400000000002,1649,10,9,383.36
15129,3447.4,1794,11,11,313.4
13536,3444.39,2126,7,7,492.06
14395,3444.11,1685,12,9,382.68
15974,3429.55,2256,8,7,489.94
14221,3427.85,2190,10,9,380.87
15581,3425.77,282,14,13,263.52
13993,3409.66,892,12,9,378.85
15981,3408.48,1866,8,8,426.06
17758,3408.2000000000003,2054,8,8,426.02
13437,3408.06,1283,7,7,486.87
17669,3406.7200000000003,1916,7,7,486.67
17576,3399.93,1927,22,19,178.94
13842,3385.62,1768,9,9,376.18
13198,3384.09,2645,8,6,564.02
15228,3376.96,2252,5,4,844.24
17725,3371.13,2141,14,11,306.47
13014,3365.43,884,16,10,336.54
16011,3352.96,2035,16,16,209.56
16360,3349.57,2094,8,6,558.26
12643,3344.64,1808,6,6,557.44
13015,3339.64,1609,5,5,667.93
15113,3339.5099999999998,2320,4,3,1113.17
13148,3324.62,1818,17,12,277.05
15676,3324.09,2231,5,3,1108.03
12594,3320.2200000000003,1776,11,10,332.02
16818,3317.97,2162,13,11,301.63
14227,3315.71,1811,15,10,331.57
16556,3313.79,1890,7,7,473.4
13373,3312.25,1651,3,3,1104.08
14841,3295.76,1778,6,6,549.29
17183,3286.9100000000003,1264,8,6,547.82
12480,3281.63,1707,4,4,820.41
12406,3280.75,1809,3,2,1640.38
17723,3276.4000000000005,792,6,6,546.07
16717,3263.06,1562,9,6,543.84
13952,3246.091,1425,3,2,1623.05
15764,3245.47,2036,10,6,540.91
15622,3224.53,1552,16,9,358.28
13880,3219.77,1842,13,13,247.67
12613,3218.98,1596,6,5,643.8
12619,3214.81,3354,13,9,357.2
14702,3210.29,1429,18,17,188.84
16107,3204.1600000000003,1176,7,7,457.74
15708,3200.73,1208,11,7,457.25
13868,3192.54,1964,2,2,1596.27
13758,3190.55,1844,7,7,455.79
14844,3189.81,1833,4,4,797.45
15443,3188.84,1636,8,7,455.55
17220,3187.55,1897,14,14,227.68
17050,3185.64,1595,6,6,530.94
14388,3172.04,1933,10,8,396.5
16837,3167.73,1562,12,11,287.98
16041,3166.4,1584,3,3,1055.47
17863,3160.0,2638,6,6,526.67
17685,3155.83,1907,7,7,450.83
12456,3153.89,1616,4,3,1051.3
14145,3148.2,636,5,4,787.05
15632,3147.31,2049,10,8,393.41
15065,3135.98,1355,6,4,784.0
13268,3127.7,3601,15,11,284.34
13685,3119.44,5056,7,7,445.63
14175,3108.06,1461,7,3,1036.02
17672,3106.62,1672,4,2,1553.31
13135,3096.0,4300,1,1,3096.0
14235,3093.86,1947,6,5,618.77
14099,3092.9700000000003,2177,12,11,281.18
15491,3090.85,1624,7,6,515.14
14257,3087.27,1677,6,5,617.45
13362,3085.4900000000002,1379,5,4,771.37
13869,3083.65,1709,4,4,770.91
17059,3080.39,1850,5,5,616.08
13742,3079.27,1107,14,12,256.61
13047,3079.1,1355,18,10,307.91
17231,3078.22,1718,14,10,307.82
12910,3075.04,1692,8,8,384.38
15998,3074.42,2028,6,5,614.88
14565,3073.77,1532,6,4,768.44
18272,3064.78,2044,7,6,510.8
16218,3054.87,2077,8,7,436.41
16940,3049.88,2169,3,3,1016.63
16607,3038.67,2822,16,14,217.05
16709,3029.87,851,5,5,605.97
13631,3021.77,460,12,11,274.71
16905,3020.65,1380,8,7,431.52
18094,3017.3,2518,7,7,431.04
16326,3014.2200000000003,662,15,14,215.3
16678,3013.83,2368,17,12,251.15
17799,3009.32,1750,11,10,300.93
12598,3002.68,1940,9,8,375.34
14456,3002.5099999999998,2878,14,9,333.61
12395,2998.28,2113,15,12,249.86
14307,2995.72,2058,6,6,499.29
16156,2994.62,1235,13,9,332.74
12670,2986.15,1391,6,5,597.23
15861,2981.92,2527,9,8,372.74
15687,2981.5,1308,11,9,331.28
15854,2969.12,926,12,12,247.43
16497,2965.69,1396,6,6,494.28
17659,2954.75,1486,14,12,246.23
14639,2952.34,1428,8,6,492.06
14146,2949.57,1886,6,5,589.91
12754,2949.12,6479,5,3,983.04
16686,2940.53,1972,9,7,420.08
17444,2940.04,2119,3,3,980.01
14868,2939.64,1399,9,8,367.46
16393,2935.8,1526,20,13,225.83
14032,2929.84,2008,18,11,266.35
12916,2921.15,1075,5,4,730.29
17512,2920.04,2752,11,10,292.0
12906,2919.81,1749,5,5,583.96
14543,2916.17,600,21,16,182.26
15514,2907.45,1761,13,11,264.31
12438,2906.85,1180,2,2,1453.42
17924,2894.33,1141,13,7,413.48
18144,2888.75,1343,12,12,240.73
14251,2879.7000000000003,1674,5,5,575.94
16633,2878.15,1137,7,6,479.69
14005,2874.72,2478,5,5,574.94
13901,2867.2,1739,5,5,573.44
15628,2865.64,1882,10,9,318.4
12685,2863.08,1523,6,6,477.18
14530,2862.11,1395,6,6,477.02
18145,2861.55,2625,4,4,715.39
14299,2855.35,2013,18,9,317.26
12408,2842.57,1399,9,5,568.51
13451,2838.56,2122,6,5,567.71
12473,2837.73,2338,9,5,567.55
14852,2836.69,1747,6,6,472.78
14535,2831.7400000000002,1818,4,3,943.91
12356,2811.43,1591,3,3,937.14
14711,2809.02,954,12,11,255.37
17596,2806.69,4376,7,7,400.96
16081,2799.42,1473,5,5,559.88
12758,2791.59,2135,2,2,1395.8
17739,2786.05,856,8,7,398.01
12388,2780.66,1462,6,6,463.44
14572,2775.39,1417,10,7,396.48
14112,2774.17,1608,12,7,396.31
13769,2771.87,1152,16,10,277.19
17644,2768.98,1741,17,11,251.73
13735,2764.48,1081,8,4,691.12
16871,2761.4900000000002,1250,7,6,460.25
15114,2760.56,3096,10,10,276.06
15984,2759.93,1805,11,10,275.99
14626,2757.07,1387,7,4,689.27
16316,2755.56,1466,12,8,344.44
12578,2753.36,1171,4,2,1376.68
13870,2751.25,1320,10,8,343.91
16764,2749.9500000000003,1241,18,13,211.53
16928,2748.6,2072,19,17,161.68
17084,2747.9900000000002,1702,2,2,1374.0
17504,2745.2799999999997,1456,10,9,305.03
13174,2742.82,1352,3,3,914.27
17213,2741.08,1167,11,7,391.58
14121,2740.3,2078,6,4,685.08
15993,2736.92,2028,10,7,390.99
16003,2735.37,1185,5,5,547.07
14854,2730.09,1810,8,7,390.01
14903,2729.18,1486,10,5,545.84
15673,2726.23,1451,4,4,681.56
14125,2720.63,1628,3,3,906.88
12380,2720.56,1126,5,4,680.14
15356,2718.03,1643,10,10,271.8
18230,2716.6000000000004,1298,10,7,388.09
12840,2714.27,1505,6,4,678.57
13230,2712.07,1517,15,14,193.72
13285,2709.12,2051,4,4,677.28
13654,2707.33,2182,6,6,451.22
13971,2702.2200000000003,1818,11,8,337.78
14107,2688.48,1788,8,7,384.07
17386,2686.42,1902,6,6,447.74
14732,2686.34,1402,10,8,335.79
15796,2663.6600000000003,858,10,8,332.96
15321,2663.48,1164,4,3,887.83
12360,2662.06,1165,3,3,887.35
14439,2661.24,526,1,1,2661.24
14713,2660.1,1611,12,11,241.83
18097,2657.45,1661,7,6,442.91
17069,2655.2200000000003,1482,13,9,295.02
13851,2651.46,1705,3,3,883.82
15671,2635.4900000000002,1681,10,7,376.5
17402,2633.85,701,13,13,202.6
13771,2631.7,1476,5,4,657.92
16618,2630.64,1362,6,5,526.13
12721,2628.98,1954,7,6,438.16
18210,2621.38,1398,6,6,436.9
15696,2619.11,1009,12,8,327.39
14262,2618.23,1645,8,8,327.28
15752,2618.15,1955,8,7,374.02
12708,2616.32,1270,16,10,261.63
12625,2614.32,1577,3,2,1307.16
12836,2610.36,1062,4,4,652.59
16255,2609.3,1760,10,8,326.16
12726,2609.1,3143,7,7,372.73
13422,2601.55,1321,2,1,2601.55
17965,2599.19,1532,14,14,185.66
14408,2599.03,1610,7,7,371.29
13644,2597.52,2060,5,4,649.38
15782,2593.94,863,4,3,864.65
16919,2592.25,1403,11,11,235.66
13983,2590.46,1170,13,12,215.87
16241,2590.31,1443,13,13,199.25
13804,2588.39,1462,7,7,369.77
13895,2588.12,1364,5,4,647.03
18077,2584.41,1839,11,11,234.95
13021,2584.4,1336,12,9,287.16
12520,2582.51,1430,6,5,516.5
12600,2581.04,773,11,10,258.1
13911,2580.91,2731,9,9,286.77
18260,2580.15,1466,8,6,430.02
15521,2574.65,1674,13,8,321.83
17655,2571.7400000000002,956,8,7,367.39
15485,2564.5,1281,3,3,854.83
16308,2560.0,8000,4,4,640.0
17346,2557.9,1599,16,15,170.53
14397,2556.68,1852,23,19,134.56
13136,2545.38,1312,11,5,509.08
14676,2543.2400000000002,2498,8,6,423.87
15033,2541.53,1669,11,10,254.15
14334,2539.46,1730,9,8,317.43
13883,2538.75,1368,9,5,507.75
18075,2538.7200000000003,1437,14,10,253.87
14243,2535.88,1204,14,10,253.59
15572,2533.42,1213,7,7,361.92
17317,2524.02,1074,5,3,841.34
15245,2515.84,1784,3,3,838.61
17728,2515.68,1464,5,3,838.56
17314,2514.76,1884,11,8,314.35
13344,2511.69,952,3,3,837.23
17700,2508.89,1261,6,4,627.22
16912,2508.87,1010,14,11,228.08
18245,2507.56,1781,8,7,358.22
13695,2504.13,1603,15,15,166.94
17449,2503.21,1114,8,7,357.6
13471,2501.84,1583,4,4,625.46
16477,2494.46,1415,7,7,356.35
12913,2483.63,1419,5,5,496.73
14546,2482.86,1283,9,5,496.57
13507,2479.16,1597,4,4,619.79
15271,2472.09,1246,16,15,164.81
16710,2467.99,1823,10,10,246.8
12455,2466.86,2089,6,6,411.14
17164,2466.4,1500,8,7,352.34
17131,2463.17,983,5,5,492.63
14701,2462.94,898,12,9,273.66
13784,2462.79,2493,11,11,223.89
15932,2461.85,2311,11,8,307.73
17682,2459.33,1365,7,6,409.89
14315,2456.98,1010,7,6,409.5
14842,2456.8,1146,8,4,614.2
14659,2456.53,1183,12,9,272.95
15750,2448.8,1776,9,8,306.1
14163,2445.91,893,4,4,611.48
13588,2445.12,2573,13,9,271.68
12517,2443.65,1338,6,5,488.73
13975,2438.19,1690,7,6,406.36
13949,2427.32,2474,6,6,404.55
14766,2423.07,1323,8,6,403.84
15606,2422.64,720,11,9,269.18
13658,2421.47,1009,7,5,484.29
15089,2420.84,1359,6,6,403.47
16143,2419.84,917,7,6,403.31
12397,2409.9,1263,2,2,1204.95
17589,2404.17,1631,4,4,601.04
15980,2398.86,1560,3,3,799.62
13141,2385.8,1547,6,5,477.16
17071,2385.48,1182,14,9,265.05
17722,2380.64,1572,6,4,595.16
18065,2380.08,1024,15,14,170.01
13722,2369.16,1400,4,3,789.72
17530,2367.12,1514,10,10,236.71
14930,2362.96,1160,3,3,787.65
14493,2362.84,1279,7,5,472.57
15370,2360.55,828,8,7,337.22
14030,2358.84,1478,8,8,294.86
17634,2358.59,838,9,9,262.07
14440,2357.6800000000003,588,5,5,471.54
15140,2350.0,1567,8,7,335.71
15527,2347.57,987,10,8,293.45
13908,2347.05,1470,5,4,586.76
18259,2338.6000000000004,714,3,3,779.53
17434,2333.42,1685,9,7,333.35
12483,2327.13,1097,13,8,290.89
14239,2323.5,986,13,11,211.23
14309,2319.68,1619,10,9,257.74
15755,2318.88,1397,8,6,386.48
13394,2312.8,2215,10,8,289.1
14502,2310.18,1465,14,11,210.02
14290,2307.4500000000003,913,6,5,461.49
15288,2306.52,775,5,5,461.3
15785,2303.75,1594,8,5,460.75
17211,2299.67,1310,9,8,287.46
15105,2298.93,1211,7,7,328.42
15270,2298.2,1459,9,7,328.31
13704,2295.31,1528,10,9,255.03
15704,2293.62,1028,4,4,573.4
12615,2291.19,1376,4,4,572.8
17744,2291.08,3376,7,6,381.85
17313,2288.13,1382,2,1,2288.13
12684,2283.63,1985,7,7,326.23
14554,2279.4900000000002,1443,4,4,569.87
17954,2276.78,2216,16,12,189.73
17188,2275.58,1301,9,7,325.08
13994,2274.14,932,6,6,379.02
12782,2273.32,1070,6,5,454.66
14466,2272.4,1006,7,7,324.63
17838,2267.4,1397,6,5,453.48
16550,2266.25,1526,9,5,453.25
18257,2265.38,1010,12,8,283.17
16209,2262.62,1179,5,5,452.52
13700,2248.63,2281,10,10,224.86
14432,2248.5,2013,6,6,374.75
15235,2247.51,1324,12,12,187.29
16771,2242.61,1487,5,5,448.52
15281,2239.9500000000003,1193,12,9,248.88
16293,2236.7400000000002,978,12,10,223.67
18242,2232.4900000000002,1017,4,4,558.12
16782,2230.3,696,19,13,171.56
15665,2222.21,1654,2,2,1111.1
14825,2221.01,989,12,12,185.08
12704,2220.84,1003,10,8,277.6
13527,2218.61,1664,8,7,316.94
12876,2218.02,1941,2,2,1109.01
16735,2216.06,1513,7,5,443.21
15373,2213.11,476,13,12,184.43
17442,2210.2599999999998,1490,10,6,368.38
12653,2209.85,919,2,2,1104.92
14211,2208.3,1232,13,9,245.37
15797,2207.4,873,4,4,551.85
13115,2205.63,1534,14,4,551.41
12755,2203.2,866,4,2,1101.6
17696,2201.05,1730,14,8,275.13
15123,2199.31,1195,2,2,1099.66
13680,2199.01,1265,5,4,549.75
13831,2198.45,743,6,6,366.41
14776,2195.58,2688,13,11,199.6
14700,2195.1,1314,3,3,731.7
17591,2192.7200000000003,999,8,7,313.25
13365,2191.22,1238,3,2,1095.61
13862,2187.31,1682,10,8,273.41
15179,2186.2,1907,7,5,437.24
14226,2184.2400000000002,1289,7,5,436.85
15394,2183.54,910,4,4,545.88
16628,2183.04,1202,6,5,436.61
14560,2174.18,1223,24,22,98.83
16076,2173.53,1363,11,10,217.35
15811,2171.32,1061,9,6,361.89
15722,2169.86,1018,6,5,433.97
16743,2166.88,1998,8,7,309.55
16456,2158.18,1147,5,5,431.64
12935,2156.45,1852,8,7,308.06
12856,2153.53,1073,8,6,358.92
14808,2152.8,2027,15,8,269.1
14341,2151.08,1395,9,8,268.88
13224,2150.85,1512,3,2,1075.42
16966,2148.47,1978,10,7,306.92
17272,2144.53,1776,5,4,536.13
12633,2140.63,1149,5,4,535.16
16057,2140.2200000000003,833,10,7,305.75
13317,2140.07,1003,9,6,356.68
14828,2139.76,2172,3,3,713.25
16379,2131.9,1408,5,4,532.98
12909,2128.83,1270,8,5,425.77
18061,2119.41,955,10,10,211.94
14360,2118.03,1139,4,4,529.51
18008,2116.19,1581,9,9,235.13
13632,2114.68,1030,6,5,422.94
14691,2114.33,707,5,5,422.87
14407,2111.08,1412,9,6,351.85
13517,2109.07,1360,5,3,703.02
18173,2106.84,1220,4,4,526.71
14461,2103.06,766,3,3,701.02
15058,2102.54,1054,11,11,191.14
12560,2101.39,1078,4,3,700.46
13755,2101.39,1219,10,9,233.49
15815,2100.6,1856,5,5,420.12
17400,2097.84,1088,5,5,419.57
17191,2093.68,1166,7,7,299.1
13265,2092.66,1740,5,5,418.53
13297,2089.85,963,4,4,522.46
12501,2089.68,1722,2,1,2089.68
13571,2088.94,1757,12,12,174.08
18044,2085.65,1032,11,10,208.56
14810,2085.33,1015,11,11,189.58
16954,2085.08,1054,9,9,231.68
18093,2083.42,1381,5,4,520.86
14306,2083.42,1073,3,2,1041.71
17768,2081.9,1122,3,3,693.97
16407,2079.68,1093,10,10,207.97
14515,2076.89,1110,6,6,346.15
15834,2076.3,957,6,4,519.08
14696,2070.97,1626,9,7,295.85
14209,2067.13,688,7,6,344.52
12928,2062.7000000000003,1472,5,5,412.54
16281,2062.06,934,1,1,2062.06
18241,2058.09,1047,18,17,121.06
12610,2057.99,1028,7,5,411.6
12518,2056.89,1318,5,5,411.38
13126,2056.29,2130,10,8,257.04
17861,2056.28,1965,9,8,257.04
17667,2055.51,1033,5,5,411.1
18231,2054.67,806,6,5,410.93
12948,2053.7,1077,8,7,293.39
17086,2050.08,1859,6,6,341.68
18283,2045.53,1357,16,16,127.85
17597,2044.3700000000001,1176,1,1,2044.37
14232,2043.93,1937,8,5,408.79
13450,2043.7199999999998,1982,6,6,340.62
17846,2033.1,1,1,1,2033.1
14001,2030.3300000000002,959,4,3,676.78
16358,2024.95,1301,5,4,506.24
14640,2024.45,823,8,6,337.41
16875,2023.47,1044,9,5,404.69
16409,2022.98,1304,5,5,404.6
14482,2022.81,1627,6,6,337.14
15341,2020.52,812,1,1,2020.52
17625,2020.4,1180,4,4,505.1
18219,2019.77,883,11,10,201.98
14188,2018.91,1145,10,6,336.48
15372,2007.3999999999999,2924,1,1,2007.4
16098,2005.63,613,7,7,286.52
14544,2004.3,1536,2,2,1002.15
17082,2003.85,1049,2,2,1001.92
16754,2002.4,4280,1,1,2002.4
13305,2000.86,1232,10,10,200.09
18188,1998.49,1167,4,3,666.16
16698,1998.0,840,2,2,999.0
13630,1995.68,1377,11,7,285.1
18069,1994.39,1293,7,5,398.88
17612,1992.76,1787,10,6,332.13
17679,1992.1100000000001,729,2,2,996.06
17088,1991.01,868,4,4,497.75
13495,1990.1200000000001,814,6,5,398.02
17827,1987.33,1240,5,5,397.47
12585,1982.81,1258,4,2,991.4
13590,1976.12,1846,7,6,329.35
17090,1972.55,902,8,7,281.79
15531,1972.39,1085,2,2,986.2
13593,1965.0800000000002,695,6,5,393.02
17790,1964.3,835,14,14,140.31
18204,1960.95,1188,4,3,653.65
14506,1960.65,704,5,5,392.13
16341,1959.38,1388,6,4,489.84
14498,1957.32,1098,5,5,391.46
17554,1952.45,1763,5,5,390.49
17218,1951.97,955,10,10,195.2
14462,1942.45,924,15,11,176.59
14418,1937.25,1711,3,3,645.75
14655,1930.15,1088,5,4,482.54
17490,1926.8799999999999,1021,11,7,275.27
14653,1926.65,945,7,7,275.24
14217,1925.3600000000001,677,24,17,113.26
12528,1922.28,750,8,6,320.38
12674,1922.26,1103,7,4,480.56
14978,1921.3700000000001,523,5,5,384.27
15493,1918.86,546,7,5,383.77
12457,1917.78,694,12,7,273.97
17406,1912.72,777,5,3,637.57
14285,1910.01,541,4,4,477.5
14409,1908.25,1158,7,6,318.04
17228,1906.09,1532,8,8,238.26
16150,1906.07,1004,10,5,381.21
15819,1905.45,1357,4,4,476.36
14250,1904.05,1200,3,3,634.68
14210,1900.89,759,7,6,316.82
12762,1898.52,1227,2,2,949.26
14730,1897.57,1078,8,8,237.2
17337,1897.51,1218,7,4,474.38
17940,1897.18,9319,14,10,189.72
13246,1896.32,1537,7,6,316.05
16983,1894.82,1322,8,7,270.69
12584,1893.95,354,18,9,210.44
15518,1890.99,1252,13,8,236.37
14934,1888.84,1041,3,2,944.42
12371,1887.96,591,2,2,943.98
15641,1887.2,1562,4,4,471.8
12853,1881.7,782,9,6,313.62
16170,1880.4199999999998,1766,7,6,313.4
16128,1880.22,988,5,5,376.04
16942,1878.51,801,10,9,208.72
16938,1878.43,1018,5,4,469.61
16986,1873.2,1040,2,2,936.6
15157,1869.5,2242,5,3,623.17
15367,1867.69,1055,5,4,466.92
16426,1863.76,1215,10,10,186.38
17738,1863.35,1027,5,4,465.84
14887,1862.0,1100,1,1,1862.0
13982,1861.11,1132,5,4,465.28
17870,1860.94,1350,13,12,155.08
13890,1860.8600000000001,826,14,10,186.09
17463,1860.81,1081,6,5,372.16
17293,1854.06,1135,9,9,206.01
17422,1853.1299999999999,2195,10,6,308.85
14472,1852.67,1135,8,8,231.58
12423,1849.11,1327,9,8,231.14
14524,1843.83,669,9,9,204.87
18180,1843.75,1721,6,6,307.29
17469,1843.06,778,6,5,368.61
12950,1843.0,1380,3,3,614.33
15814,1842.73,1247,6,4,460.68
16102,1842.14,942,3,3,614.05
16455,1841.18,988,7,7,263.03
12963,1841.03,873,9,8,230.13
12383,1839.31,1529,6,5,367.86
14216,1839.3,594,4,4,459.82
17519,1839.07,1233,7,6,306.51
17015,1838.6100000000001,1978,3,3,612.87
14459,1837.92,760,1,1,1837.92
18287,1837.28,1586,3,3,612.43
15351,1836.69,721,10,7,262.38
13421,1831.61,1127,3,2,915.8
15021,1829.23,801,13,9,203.25
16152,1829.04,642,1,1,1829.04
15203,1827.8,1753,6,6,304.63
16153,1824.23,1073,5,5,364.85
16169,1822.97,1325,4,4,455.74
16201,1821.52,1267,5,4,455.38
17787,1817.54,896,4,4,454.38
14533,1812.6200000000001,2777,9,7,258.95
13725,1809.81,659,11,8,226.23
13650,1809.34,918,7,6,301.56
16979,1809.05,860,8,6,301.51
12381,1803.96,783,6,5,360.79
14305,1803.76,1069,5,3,601.25
15812,1801.14,922,5,5,360.23
16249,1800.07,950,5,5,360.01
13562,1799.33,757,3,3,599.78
13196,1797.78,1224,4,4,449.44
12348,1797.24,2341,4,4,449.31
18235,1796.48,1578,3,3,598.83
18179,1793.17,1360,6,6,298.86
18122,1793.06,1225,6,6,298.84
17648,1789.55,486,5,4,447.39
13048,1789.41,1220,5,4,447.35
17663,1788.27,793,9,7,255.47
13875,1786.79,1316,5,5,357.36
13510,1785.16,1382,5,4,446.29
14608,1785.15,437,4,4,446.29
14935,1784.71,935,1,1,1784.71
17629,1784.12,1621,9,8,223.02
17705,1781.12,957,10,9,197.9
15260,1780.77,861,8,7,254.4
14215,1777.92,1354,7,6,296.32
13481,1776.81,1127,8,5,355.36
16841,1774.62,2234,7,6,295.77
17092,1774.03,1130,4,4,443.51
16681,1770.34,1407,6,6,295.06
15864,1769.7800000000002,1044,8,6,294.96
15594,1767.53,982,6,5,353.51
14621,1765.76,987,6,5,353.15
16751,1764.72,1031,1,1,1764.72
12424,1760.96,740,2,2,880.48
12823,1759.5,230,5,5,351.9
15220,1758.92,1377,7,6,293.15
12349,1757.55,631,1,1,1757.55
12645,1755.38,1072,5,4,438.84
17873,1754.16,987,6,5,350.83
16719,1753.72,1173,8,7,250.53
16474,1750.6200000000001,884,11,7,250.09
13808,1747.66,782,5,5,349.53
12523,1745.57,861,13,11,158.69
15067,1744.76,954,3,3,581.59
15674,1744.02,1075,8,5,348.8
16380,1743.1499999999999,1428,1,1,1743.15
13134,1740.63,1044,7,4,435.16
14595,1740.6,978,6,6,290.1
17930,1740.48,1594,5,5,348.1
17353,1740.0,1200,2,2,870.0
15241,1738.59,1815,9,8,217.32
13456,1737.8200000000002,756,7,6,289.64
17457,1737.7,826,5,5,347.54
14673,1736.4,1004,5,5,347.28
17043,1735.18,998,4,4,433.8
14387,1727.6,795,3,3,575.87
13157,1721.57,1430,5,4,430.39
17702,1719.72,1320,6,4,429.93
15267,1717.36,944,5,5,343.47
17750,1710.45,3747,9,9,190.05
12405,1710.39,857,1,1,1710.39
13094,1708.8600000000001,1542,16,12,142.4
15947,1708.24,898,1,1,1708.24
12407,1708.1200000000001,1416,5,5,341.62
17162,1707.21,1000,11,10,170.72
16902,1706.88,629,1,1,1706.88
13824,1698.94,768,5,5,339.79
14834,1698.35,731,8,6,283.06
12764,1693.88,386,1,1,1693.88
16007,1693.81,1388,4,4,423.45
16671,1692.27,875,3,3,564.09
16775,1691.51,439,11,11,153.77
16791,1690.28,753,8,7,241.47
13763,1689.46,725,3,1,1689.46
12635,1689.18,1172,2,2,844.59
15240,1685.57,1361,7,5,337.11
17282,1685.46,1866,3,3,561.82
15950,1684.46,712,5,4,421.12
15050,1682.77,1176,5,3,560.92
15380,1682.3600000000001,374,6,5,336.47
13924,1682.08,1532,11,6,280.35
12843,1680.76,753,9,8,210.1
17147,1679.64,878,6,4,419.91
14245,1677.48,971,5,2,838.74
16638,1676.47,1254,11,10,167.65
13149,1676.06,1280,4,4,419.02
17656,1674.69,1399,5,5,334.94
17193,1674.46,1238,9,7,239.21
12912,1662.3,670,5,5,332.46
15214,1661.44,1254,8,8,207.68
15332,1661.06,652,4,4,415.26
16115,1660.8799999999999,994,8,8,207.61
14045,1659.75,535,4,4,414.94
13577,1658.3,771,5,4,414.58
16813,1652.18,1501,10,10,165.22
16711,1651.03,833,5,5,330.21
15826,1649.3600000000001,962,4,3,549.79
17451,1648.95,1178,10,7,235.56
13750,1647.26,516,5,5,329.45
13162,1644.99,1663,5,4,411.25
15549,1643.96,684,4,3,547.99
17813,1641.79,739,7,5,328.36
15002,1641.76,862,4,4,410.44
15827,1641.48,842,20,14,117.25
14837,1641.2,1430,5,4,410.3
13647,1640.22,886,5,4,410.06
17284,1636.58,1360,7,6,272.76
15024,1636.43,902,10,10,163.64
12398,1635.6599999999999,1394,1,1,1635.66
15953,1632.4299999999998,884,10,8,204.05
17754,1632.31,1767,6,5,326.46
14164,1631.77,1033,2,2,815.88
16398,1631.15,745,4,2,815.58
12377,1628.12,944,2,2,814.06
14759,1625.97,569,3,3,541.99
13425,1624.21,1123,3,3,541.4
16515,1624.14,826,5,5,324.83
15172,1624.05,1611,5,5,324.81
13627,1624.02,1266,7,5,324.8
12530,1623.63,900,5,4,405.91
17101,1621.73,815,4,4,405.43
14937,1617.63,483,4,3,539.21
16987,1616.8,401,7,7,230.97
13184,1616.45,1632,12,10,161.65
14336,1614.91,1759,4,4,403.73
18161,1612.79,810,6,5,322.56
15122,1612.13,788,6,3,537.38
14312,1611.59,1012,6,6,268.6
14918,1610.15,675,2,2,805.08
12669,1607.73,1114,4,3,535.91
12868,1607.0600000000002,928,6,6,267.84
15791,1604.44,730,3,2,802.22
12783,1603.87,622,8,6,267.31
16992,1601.8600000000001,857,6,5,320.37
14178,1600.26,1494,7,7,228.61
17828,1599.97,641,9,4,399.99
16466,1595.96,785,7,7,227.99
14970,1592.06,250,4,4,398.02
14573,1590.12,528,13,9,176.68
17673,1588.07,1460,7,6,264.68
13850,1586.81,941,2,1,1586.81
13614,1585.46,564,4,4,396.36
12393,1582.6000000000001,816,4,4,395.65
16889,1578.67,925,3,3,526.22
14587,1577.39,747,10,9,175.27
18178,1573.41,979,6,4,393.35
16332,1572.8,789,8,7,224.69
14719,1571.89,1024,6,5,314.38
15611,1568.39,498,15,13,120.65
15111,1567.48,710,3,3,522.49
16496,1562.22,1091,4,3,520.74
13814,1562.12,862,3,2,781.06
18239,1561.6100000000001,795,5,5,312.32
16676,1558.72,631,5,4,389.68
13313,1555.32,851,5,5,311.06
14038,1554.48,963,4,3,518.16
15660,1552.01,1037,12,9,172.45
17085,1550.8,783,6,5,310.16
15117,1550.13,1947,6,5,310.03
12865,1548.07,877,3,2,774.04
13634,1547.3600000000001,700,5,5,309.47
12352,1545.41,470,11,8,193.18
16369,1545.41,1030,3,3,515.14
14441,1545.14,430,10,4,386.28
14442,1544.62,475,5,2,772.31
13659,1540.65,867,3,2,770.32
16365,1540.42,504,9,9,171.16
13186,1539.69,804,5,3,513.23
13397,1539.18,429,6,5,307.84
13849,1537.95,1016,2,2,768.98
12877,1535.77,1178,12,12,127.98
17159,1534.73,1110,4,3,511.58
16283,1531.51,1222,7,5,306.3
12759,1531.44,902,3,3,510.48
14321,1530.75,2406,5,5,306.15
15701,1529.0,912,4,4,382.25
14567,1524.46,410,3,2,762.23
15620,1524.4,899,6,3,508.13
13107,1524.07,1288,5,4,381.02
16244,1522.75,855,2,2,761.38
15906,1521.79,538,8,7,217.4
16066,1521.04,935,5,5,304.21
16790,1520.1200000000001,892,8,6,253.35
13764,1519.42,926,3,3,506.47
13213,1518.43,1357,6,5,303.69
12818,1517.88,923,2,1,1517.88
16748,1515.9,880,5,5,303.18
15392,1515.73,1265,5,4,378.93
16053,1511.95,1793,2,2,755.98
16434,1511.8,760,7,7,215.97
16910,1508.96,884,8,8,188.62
17837,1508.38,507,10,8,188.55
15265,1506.1200000000001,612,2,2,753.06
15625,1504.56,1166,8,4,376.14
12937,1504.27,1007,4,4,376.07
17152,1503.5,477,4,3,501.17
17997,1503.09,2053,12,8,187.89
15532,1500.88,502,6,4,375.22
15530,1497.31,938,4,4,374.33
14704,1493.96,1043,9,9,166.0
16880,1491.43,746,7,7,213.06
16279,1489.88,1044,4,3,496.63
15057,1489.5,668,2,2,744.75
17002,1487.78,678,4,3,495.93
17553,1487.6,1048,1,1,1487.6
14414,1485.1299999999999,2509,8,7,212.16
14758,1484.06,419,4,4,371.02
16395,1482.06,1472,5,5,296.41
18016,1477.66,1027,5,5,295.53
14878,1476.09,799,9,9,164.01
13320,1475.2,1056,6,4,368.8
14246,1474.06,804,3,3,491.35
14963,1472.34,1159,5,5,294.47
12826,1468.1200000000001,1054,8,7,209.73
17590,1468.02,822,3,3,489.34
13692,1466.8700000000001,1224,5,3,488.96
15916,1466.01,747,10,8,183.25
15473,1465.2,552,10,7,209.31
15983,1465.12,886,4,4,366.28
16755,1463.23,1052,5,3,487.74
12882,1463.04,246,2,2,731.52
16359,1460.3700000000001,1154,12,9,162.26
13309,1456.79,1544,5,5,291.36
14541,1453.35,641,8,8,181.67
16059,1453.16,641,6,6,242.19
13110,1452.8700000000001,384,8,7,207.55
14229,1450.6,590,5,3,483.53
14875,1448.72,554,5,2,724.36
14233,1447.51,671,5,4,361.88
16817,1446.95,762,13,9,160.77
17073,1446.09,759,4,4,361.52
13461,1445.0,1170,3,3,481.67
13477,1441.53,1018,8,6,240.26
16016,1440.06,600,10,8,180.01
15987,1432.77,1533,7,7,204.68
13717,1432.26,1958,7,6,238.71
14566,1432.0,800,1,1,1432.0
13475,1431.78,1012,4,4,357.94
17175,1430.94,865,5,4,357.74
15427,1430.54,967,3,3,476.85
16103,1429.64,558,6,6,238.27
14035,1428.02,739,5,5,285.6
15858,1427.57,1163,5,5,285.51
16996,1427.46,534,9,6,237.91
14403,1426.31,513,5,4,356.58
17571,1425.67,876,4,4,356.42
14740,1423.21,729,4,3,474.4
17063,1421.59,763,11,7,203.08
16503,1421.43,567,5,4,355.36
15128,1419.54,1326,8,4,354.88
17288,1417.63,1201,7,7,202.52
16348,1415.65,805,7,7,202.24
16012,1415.29,799,3,3,471.76
14901,1414.99,659,10,9,157.22
15237,1412.32,1071,4,4,353.08
16394,1412.06,2317,9,5,282.41
15444,1411.21,759,2,2,705.6
14404,1409.72,819,7,6,234.95
15106,1407.73,1144,7,5,281.55
12947,1407.29,1157,11,6,234.55
16173,1406.57,571,7,6,234.43
17083,1405.78,772,3,3,468.59
18116,1403.1100000000001,837,8,8,175.39
14649,1402.59,1004,4,4,350.65
14443,1400.88,931,7,4,350.22
14741,1400.34,841,6,6,233.39
15478,1399.92,575,2,2,699.96
14019,1398.96,1034,4,3,466.32
16271,1398.69,1023,6,5,279.74
18202,1396.99,581,3,3,465.66
17856,1393.79,826,6,4,348.45
17354,1393.06,1006,1,1,1393.06
13414,1390.5,1574,3,3,463.5
13516,1389.41,985,3,3,463.14
16539,1388.81,477,4,4,347.2
15134,1387.99,887,8,8,173.5
15426,1386.58,645,7,5,277.32
17311,1384.85,1005,2,2,692.42
13572,1384.25,534,1,1,1384.25
16463,1383.7,1135,7,4,345.92
13995,1383.49,867,6,5,276.7
15051,1383.3600000000001,1010,3,3,461.12
12952,1382.8400000000001,652,5,4,345.71
14116,1382.74,707,5,5,276.55
15898,1379.63,565,6,5,275.93
14113,1377.92,635,8,4,344.48
15569,1375.71,666,5,5,275.14
14434,1372.8,368,6,6,228.8
15453,1371.77,837,7,7,195.97
13159,1371.25,1044,5,4,342.81
13308,1367.6100000000001,840,4,3,455.87
17676,1366.77,921,7,6,227.8
14897,1366.38,468,4,4,341.6
15095,1364.7,1077,5,4,341.18
16389,1362.27,1230,5,4,340.57
16726,1358.74,945,5,5,271.75
18167,1355.51,359,6,3,451.84
17054,1353.83,802,6,5,270.77
13813,1353.41,550,5,4,338.35
17204,1352.91,589,9,4,338.23
14507,1352.88,582,7,6,225.48
15116,1352.75,648,4,4,338.19
16245,1352.3600000000001,1008,5,3,450.79
14859,1352.04,669,5,4,338.01
16079,1352.0,864,3,3,450.67
12770,1351.45,743,1,1,1351.45
12775,1351.24,853,6,5,270.25
12886,1351.09,761,3,2,675.54
12646,1346.97,897,2,2,673.48
14154,1345.62,465,2,2,672.81
16669,1344.88,876,4,3,448.29
15596,1343.34,548,9,5,268.67
16317,1341.65,890,3,3,447.22
16045,1340.7,897,4,4,335.18
13743,1340.1499999999999,1775,8,7,191.45
15398,1339.63,767,3,2,669.82
15734,1339.45,346,2,2,669.72
12620,1339.41,1181,3,3,446.47
17372,1337.18,747,8,8,167.15
15411,1336.43,527,5,4,334.11
17621,1336.1,510,4,3,445.37
15680,1333.68,952,3,3,444.56
17932,1331.57,789,3,3,443.86
12676,1331.39,670,6,6,221.9
15365,1330.45,758,9,7,190.06
16493,1329.66,1113,6,4,332.42
16295,1328.55,841,4,4,332.14
13232,1328.35,773,7,7,189.76
15059,1325.82,602,11,9,147.31
13396,1325.29,592,4,2,662.64
16110,1320.95,720,3,3,440.32
14591,1320.21,1228,4,4,330.05
15563,1319.69,1460,7,4,329.92
16083,1317.62,908,2,2,658.81
12526,1316.66,632,3,3,438.89
14921,1316.07,953,2,2,658.04
17368,1315.72,666,9,8,164.46
14973,1314.45,369,3,3,438.15
15146,1313.66,1459,3,2,656.83
18177,1313.6200000000001,704,7,6,218.94
16040,1313.55,684,3,3,437.85
12364,1313.1,1506,4,4,328.28
17004,1312.1399999999999,771,2,2,656.07
12516,1312.06,875,2,2,656.03
14748,1311.79,1192,6,5,262.36
13501,1310.47,557,2,1,1310.47
13328,1308.48,680,1,1,1308.48
14477,1307.81,719,5,4,326.95
12576,1306.98,964,6,5,261.4
14071,1306.16,899,9,8,163.27
17919,1304.04,756,1,1,1304.04
15813,1303.9099999999999,603,2,2,651.95
12463,1303.63,757,7,4,325.91
16370,1301.91,640,4,4,325.48
12919,1301.44,668,8,6,216.91
12488,1298.66,529,3,3,432.89
16464,1298.66,952,3,3,432.89
12372,1298.04,794,3,3,432.68
13012,1296.6200000000001,667,11,8,162.08
17961,1296.44,560,39,39,33.24
16929,1295.39,929,7,7,185.06
16224,1295.3,1116,4,4,323.82
16120,1294.14,866,5,4,323.54
16744,1291.91,798,7,7,184.56
15108,1291.75,497,5,4,322.94
13168,1290.54,668,5,4,322.64
14856,1290.53,711,3,3,430.18
14047,1290.01,377,7,5,258.0
14738,1289.94,576,9,7,184.28
16571,1285.22,1176,5,3,428.41
17671,1284.08,659,6,4,321.02
14297,1284.06,861,6,4,321.02
15136,1282.45,775,5,4,320.61
12854,1280.9,621,5,3,426.97
13538,1280.85,175,7,7,182.98
15494,1280.58,1139,2,2,640.29
14267,1279.09,461,7,3,426.36
16692,1276.0,152,2,2,638.0
12394,1272.48,819,2,2,636.24
14794,1272.11,669,9,7,181.73
13878,1271.57,463,1,1,1271.57
16899,1271.06,520,6,6,211.84
12630,1270.88,548,2,2,635.44
13492,1269.84,408,3,3,423.28
13431,1269.1,672,2,2,634.55
15199,1268.7,396,4,4,317.18
14511,1267.4099999999999,772,6,5,253.48
17158,1266.97,778,3,3,422.32
13989,1266.08,1313,2,2,633.04
14916,1264.84,1132,5,4,316.21
16951,1262.75,1306,4,3,420.92
16688,1260.86,804,4,4,315.21
16842,1260.44,692,4,3,420.15
14105,1260.33,798,2,1,1260.33
15497,1259.7,622,3,2,629.85
17388,1259.56,1068,4,4,314.89
15009,1259.43,639,3,3,419.81
14669,1259.24,770,3,3,419.75
14665,1258.38,500,7,5,251.68
17019,1258.08,820,4,4,314.52
12507,1258.06,883,4,3,419.35
17412,1258.06,738,7,7,179.72
13848,1255.0,3700,3,3,418.33
17262,1253.3600000000001,367,5,5,250.67
17037,1253.22,652,2,1,1253.22
17802,1251.84,743,4,3,417.28
17350,1251.44,734,5,4,312.86
13151,1250.3700000000001,361,2,1,1250.37
17481,1249.34,1060,5,4,312.33
14383,1247.69,817,3,3,415.9
12689,1247.61,628,2,2,623.8
13029,1247.5,134,3,3,415.83
16101,1245.96,738,3,1,1245.96
16531,1244.59,915,7,7,177.8
17633,1242.34,630,6,4,310.58
17588,1240.2,676,3,3,413.4
13860,1240.0,589,6,5,248.0
14893,1237.8500000000001,799,2,2,618.93
18080,1231.5,642,2,2,615.75
13931,1230.93,721,3,2,615.46
15910,1228.88,1013,8,8,153.61
14913,1227.43,1743,4,4,306.86
17584,1227.3,446,3,2,613.65
12412,1226.88,829,3,3,408.96
15376,1221.56,615,3,3,407.19
15004,1220.77,623,1,1,1220.77
15227,1219.4,750,5,5,243.88
14698,1217.27,602,5,5,243.45
13491,1215.82,903,10,10,121.58
12985,1215.6200000000001,1413,3,2,607.81
17410,1214.72,616,5,5,242.94
13918,1212.8400000000001,1140,2,2,606.42
12464,1212.05,112,8,8,151.51
18263,1211.08,1467,4,3,403.69
14428,1209.3700000000001,420,7,5,241.87
15841,1209.1,926,6,4,302.27
18171,1208.51,477,7,5,241.7
16762,1207.24,480,3,3,402.41
17774,1203.78,507,5,4,300.94
13055,1201.96,891,4,3,400.65
14684,1201.51,821,5,5,240.3
13158,1201.06,784,4,4,300.26
17320,1200.6200000000001,634,3,3,400.21
13208,1199.65,785,7,6,199.94
15605,1198.23,441,5,5,239.65
12997,1197.94,648,7,4,299.48
17720,1195.94,576,4,4,298.98
12967,1194.75,243,4,2,597.38
15145,1194.73,756,4,4,298.68
14898,1194.11,989,8,6,199.02
12611,1193.32,846,1,1,1193.32
16612,1187.66,506,4,4,296.92
17800,1187.21,732,9,9,131.91
15630,1180.4,799,3,2,590.2
17058,1179.89,592,3,3,393.3
16950,1178.56,644,3,3,392.85
17653,1175.88,1401,5,4,293.97
13752,1175.38,874,6,6,195.9
16794,1175.3,919,12,10,117.53
12640,1174.58,311,3,3,391.53
15306,1174.35,810,3,3,391.45
16639,1169.38,503,4,3,389.79
14064,1168.92,1334,7,5,233.78
12358,1168.06,248,2,2,584.03
14745,1167.16,1020,6,5,233.43
16653,1166.92,723,3,2,583.46
14857,1165.65,455,3,2,582.83
14737,1164.55,345,3,3,388.18
14261,1163.45,406,2,2,581.72
14447,1163.23,571,5,5,232.65
16800,1162.65,524,1,1,1162.65
16949,1161.27,790,7,6,193.54
15621,1158.77,463,6,4,289.69
12885,1158.27,654,4,3,386.09
17348,1156.6,1398,5,5,231.32
16184,1155.54,560,7,6,192.59
16062,1153.62,800,4,4,288.4
14487,1152.73,711,7,6,192.12
12657,1152.06,654,5,4,288.02
13499,1146.96,1358,7,5,229.39
17505,1145.84,556,2,2,572.92
16766,1145.6,536,2,2,572.8
15810,1145.43,737,7,4,286.36
12769,1143.6,356,1,1,1143.6
17770,1143.27,365,5,5,228.65
12546,1141.5,617,3,2,570.75
16270,1141.24,688,1,1,1141.24
13330,1140.93,751,3,3,380.31
13611,1140.8,750,4,3,380.27
13819,1140.35,1109,3,3,380.12
15088,1140.27,457,3,2,570.14
16172,1140.21,787,5,5,228.04
17135,1139.73,1224,7,7,162.82
12494,1139.3500000000001,690,13,7,162.76
17500,1138.0,17,3,3,379.33
13500,1136.77,585,4,3,378.92
17242,1135.04,611,2,2,567.52
16989,1133.25,1233,6,6,188.88
15500,1131.56,572,4,4,282.89
13882,1131.28,950,6,5,226.26
12710,1130.57,849,4,3,376.86
18125,1130.1,799,5,4,282.52
14824,1127.71,525,4,4,281.93
16042,1127.57,733,7,5,225.51
12609,1126.85,648,3,3,375.62
17470,1125.07,1675,5,5,225.01
13118,1125.0,389,7,5,225.0
16637,1124.59,891,5,4,281.15
12462,1124.01,514,4,2,562.0
14129,1123.8600000000001,592,5,5,224.77
18168,1123.74,583,9,6,187.29
13772,1122.63,540,3,3,374.21
13486,1122.41,669,3,3,374.14
14723,1122.3600000000001,673,6,6,187.06
16807,1121.59,778,3,3,373.86
15737,1121.21,584,12,8,140.15
17302,1119.93,573,6,5,223.99
16086,1119.31,510,6,5,223.86
12842,1118.99,547,2,2,559.5
17894,1118.96,404,8,8,139.87
17788,1117.9,211,2,2,558.95
13591,1117.13,485,3,3,372.38
17585,1116.68,1650,4,4,279.17
14817,1110.34,655,2,2,555.17
15069,1109.53,520,1,1,1109.53
12399,1108.65,1178,4,4,277.16
15730,1108.38,683,4,3,369.46
15933,1107.46,885,3,3,369.15
17562,1107.38,813,8,7,158.2
16833,1106.53,440,4,4,276.63
12857,1106.4,343,2,2,553.2
13064,1105.59,514,4,4,276.4
13447,1104.23,577,4,3,368.08
15716,1101.1100000000001,738,4,4,275.28
17047,1100.9,533,3,3,366.97
16350,1100.47,542,5,4,275.12
15978,1098.78,888,1,1,1098.78
13104,1098.48,504,6,6,183.08
17966,1098.43,2571,5,5,219.69
14971,1097.98,639,3,3,365.99
14161,1097.6200000000001,450,3,3,365.87
17609,1097.48,717,6,5,219.5
14708,1096.67,615,4,3,365.56
16225,1096.32,493,5,5,219.26
13211,1095.42,834,3,3,365.14
13652,1095.08,578,3,3,365.03
15608,1093.68,714,4,4,273.42
13476,1092.77,414,4,2,546.38
15489,1090.03,593,4,3,363.34
12534,1089.18,651,1,1,1089.18
14744,1088.53,625,9,7,155.5
17095,1088.2,613,6,3,362.73
18189,1084.34,564,3,2,542.17
15602,1083.63,997,15,9,120.4
13310,1083.63,575,6,3,361.21
14561,1080.76,1014,3,3,360.25
13744,1080.52,1153,2,2,540.26
13726,1079.6599999999999,1054,2,2,539.83
12354,1079.4,530,1,1,1079.4
14352,1078.96,538,4,4,269.74
16563,1077.74,486,1,1,1077.74
16049,1074.81,763,3,3,358.27
15712,1072.3600000000001,486,5,5,214.47
13467,1071.91,580,2,2,535.96
13521,1071.73,718,3,3,357.24
15745,1071.24,412,6,4,267.81
13635,1071.03,677,1,1,1071.03
17522,1070.71,1034,5,5,214.14
13761,1070.65,642,2,2,535.33
14212,1070.48,1152,1,1,1070.48
16200,1068.8700000000001,516,2,2,534.44
15436,1067.75,574,3,3,355.92
14948,1066.57,661,7,6,177.76
13610,1065.88,486,9,7,152.27
17277,1065.3500000000001,430,2,2,532.68
12815,1063.46,379,2,2,531.73
14411,1063.0,196,1,1,1063.0
16214,1062.75,420,3,3,354.25
14102,1060.33,746,8,5,212.07
12679,1058.67,530,9,4,264.67
13853,1056.94,304,2,1,1056.94
15238,1056.54,689,5,3,352.18
17041,1055.69,923,4,3,351.9
15977,1054.73,1016,2,2,527.36
12716,1053.49,708,2,2,526.74
13715,1051.99,554,8,5,210.4
15027,1051.95,563,6,4,262.99
14419,1051.79,483,6,6,175.3
14078,1049.37,310,6,6,174.9
17287,1049.06,556,7,7,149.87
15763,1048.67,268,3,2,524.34
16728,1048.28,671,4,4,262.07
13282,1047.8400000000001,289,6,3,349.28
13791,1047.68,828,3,2,523.84
14488,1047.43,793,2,1,1047.43
15407,1046.74,552,4,4,261.68
14293,1046.56,709,4,4,261.64
18130,1045.74,817,4,3,348.58
15464,1044.65,348,1,1,1044.65
15192,1044.32,918,3,3,348.11
16918,1043.34,708,7,6,173.89
12497,1043.1,1236,1,1,1043.1
17727,1042.55,639,2,1,1042.55
15801,1042.19,562,4,3,347.4
12951,1042.07,500,8,6,173.68
16094,1041.83,633,6,4,260.46
13719,1041.68,609,5,5,208.34
13131,1039.3,443,4,3,346.43
16320,1038.46,732,2,2,519.23
14465,1038.44,398,3,3,346.15
16175,1037.59,533,4,4,259.4
15985,1037.42,836,3,2,518.71
16520,1036.6200000000001,557,4,3,345.54
17042,1036.58,990,5,5,207.32
12691,1035.8,394,6,6,172.63
16260,1035.45,311,1,1,1035.45
15171,1034.5,190,2,1,1034.5
13639,1033.34,800,1,1,1033.34
18221,1033.31,789,6,5,206.66
12599,1032.58,956,7,7,147.51
12724,1031.41,445,4,4,257.85
13253,1030.4,1572,2,2,515.2
17033,1030.14,750,3,3,343.38
15333,1028.56,344,1,1,1028.56
16980,1028.46,739,2,2,514.23
16682,1028.0,1040,5,5,205.6
16416,1026.99,655,4,3,342.33
14904,1025.44,1985,2,2,512.72
15777,1021.61,375,5,4,255.4
14346,1021.58,605,2,2,510.79
13165,1021.48,1376,2,2,510.74
15839,1020.74,670,5,3,340.25
14584,1020.06,377,5,4,255.02
13376,1019.76,493,3,3,339.92
14276,1019.39,723,5,3,339.8
13956,1019.27,486,5,5,203.85
12828,1018.71,494,6,6,169.78
12514,1017.68,440,1,1,1017.68
15996,1016.6800000000001,378,7,6,169.45
13728,1016.14,458,6,6,169.36
18142,1014.9,1273,4,2,507.45
16533,1014.19,513,5,3,338.06
12642,1013.26,552,3,3,337.75
12739,1013.04,486,2,2,506.52
17197,1013.01,191,1,1,1013.01
12936,1012.9,539,5,4,253.22
14775,1011.9,1174,3,3,337.3
16229,1010.6,318,2,2,505.3
14446,1010.35,916,4,4,252.59
12849,1010.29,597,2,2,505.14
14224,1009.73,483,4,4,252.43
16174,1009.5500000000001,651,3,3,336.52
16160,1009.4499999999999,1153,4,2,504.72
13455,1007.35,345,4,2,503.68
14631,1006.98,622,3,3,335.66
13429,1006.8,1390,4,4,251.7
15329,1005.5,476,5,3,335.17
13867,1005.09,501,3,3,335.03
12572,1004.72,450,3,2,502.36
14083,1002.9,705,9,9,111.43
12446,1002.3100000000001,351,1,1,1002.31
15706,1001.8100000000001,305,7,4,250.45
12545,1000.39,523,2,2,500.2
15508,1000.27,440,6,6,166.71
14214,1000.23,748,7,5,200.05
18143,1000.16,570,2,2,500.08
14389,999.72,702,5,2,499.86
16572,999.7,530,4,3,333.23
15434,997.48,638,6,5,199.5
13032,996.52,367,3,2,498.26
17646,995.6600000000001,320,4,3,331.89
17724,995.6500000000001,289,4,3,331.88
17594,993.18,550,2,2,496.59
17096,992.6800000000001,332,7,4,248.17
13363,992.5,710,2,2,496.25
17951,990.8400000000001,610,4,3,330.28
14514,990.2,564,3,3,330.07
13410,988.91,513,7,5,197.78
15062,987.86,763,4,4,246.96
18237,987.1,622,5,5,197.42
14583,986.96,751,5,5,197.39
17324,986.48,843,4,4,246.62
13117,984.91,945,8,8,123.11
17144,984.57,483,2,2,492.28
16232,983.23,547,5,4,245.81
12510,982.5699999999999,353,2,2,491.28
15133,982.42,680,3,3,327.47
15071,982.07,269,2,2,491.04
16188,981.86,782,4,4,245.46
16085,981.51,636,5,5,196.3
12541,981.18,680,3,3,327.06
12717,980.98,505,3,2,490.49
18170,980.31,409,3,3,326.77
13509,979.72,1106,7,7,139.96
15132,977.9300000000001,679,5,5,195.59
14920,977.77,509,2,2,488.88
17126,976.55,778,7,5,195.31
14223,975.23,583,4,3,325.08
14522,974.54,525,4,4,243.64
17214,974.12,271,7,6,162.35
15110,973.2,241,7,4,243.3
16009,972.11,366,4,4,243.03
15506,972.08,842,3,3,324.03
13155,971.76,497,4,4,242.94
17100,971.74,800,2,2,485.87
15449,971.22,810,5,3,323.74
15104,968.64,633,3,2,484.32
17405,967.22,705,5,3,322.41
14138,965.8800000000001,600,2,2,482.94
16376,965.47,686,3,2,482.74
15860,965.16,437,8,8,120.64
12550,964.83,569,1,1,964.83
14931,964.6800000000001,416,6,5,192.94
14195,962.7,702,3,2,481.35
13138,962.39,473,6,6,160.4
14006,962.19,641,3,3,320.73
15156,961.49,597,3,3,320.5
15658,958.9,232,8,5,191.78
18192,957.97,339,1,1,957.97
13823,957.66,439,2,2,478.83
15948,955.24,567,2,2,477.62
17244,954.9,616,1,1,954.9
15835,954.09,439,4,4,238.52
14540,952.66,411,3,3,317.55
15421,950.36,500,4,4,237.59
15793,948.96,552,4,3,316.32
13748,948.25,439,5,5,189.65
12458,947.4,506,2,2,473.7
15747,946.64,466,3,3,315.55
15681,946.36,556,6,5,189.27
16419,945.96,427,7,6,157.66
13261,944.1,210,2,2,472.05
12820,942.34,722,4,4,235.58
14075,942.26,754,3,3,314.09
13636,941.62,586,6,5,188.32
17227,939.32,741,6,6,156.55
12697,939.02,499,5,3,313.01
17097,937.92,457,9,8,117.24
13026,936.15,1586,8,5,187.23
14629,935.46,374,3,2,467.73
15289,935.1,996,4,3,311.7
14256,935.0600000000001,410,3,2,467.53
15787,933.26,534,3,3,311.09
13655,932.97,605,2,2,466.48
14532,932.85,284,4,4,233.21
16934,931.03,397,2,2,465.52
17618,930.28,319,3,3,310.09
12924,929.95,480,5,4,232.49
16907,928.76,286,5,5,185.75
15201,927.84,962,11,5,185.57
13805,924.6,1900,2,2,462.3
17289,922.77,512,4,3,307.59
15654,922.53,475,2,2,461.26
13122,922.39,585,2,2,461.2
16551,922.12,970,3,3,307.37
13934,922.1,390,1,1,922.1
15576,921.37,394,1,1,921.37
15312,921.1,513,5,4,230.28
17018,920.1,176,2,2,460.05
14140,920.05,809,3,2,460.02
13075,919.61,485,1,1,919.61
12822,918.98,548,3,2,459.49
16511,918.33,405,3,3,306.11
14015,917.34,378,1,1,917.34
14712,917.07,315,3,3,305.69
15707,916.98,594,4,4,229.24
17236,916.13,474,6,6,152.69
13549,916.12,457,8,7,130.87
15253,915.3,864,6,5,183.06
16216,914.9300000000001,254,1,1,914.93
12652,914.53,502,2,1,914.53
15587,913.6800000000001,312,4,4,228.42
15364,913.19,493,2,2,456.6
16809,912.74,651,6,5,182.55
13192,911.94,595,2,2,455.97
14289,911.26,292,6,6,151.88
13350,910.72,284,3,2,455.36
13689,910.0,512,1,1,910.0
17552,909.96,708,6,4,227.49
13782,908.86,369,6,6,151.48
13038,908.46,360,3,3,302.82
16584,908.03,635,3,2,454.02
15480,905.5,303,1,1,905.5
12722,904.33,560,6,4,226.08
15807,903.9,430,3,3,301.3
12994,902.22,440,5,3,300.74
17848,901.1999999999999,398,9,9,100.13
15511,900.53,269,5,5,180.11
13810,899.51,311,4,3,299.84
17044,897.4300000000001,487,3,1,897.43
18194,896.0,448,2,1,896.0
15865,895.13,368,3,3,298.38
17323,894.44,754,9,7,127.78
15211,894.4100000000001,240,2,2,447.21
15079,893.66,388,5,4,223.42
12772,892.47,556,1,1,892.47
14081,891.77,589,4,2,445.88
16361,891.21,418,4,4,222.8
13515,891.12,681,4,4,222.78
15255,890.85,489,1,1,890.85
14240,890.34,418,2,2,445.17
14344,889.9300000000001,477,8,8,111.24
17829,889.24,496,1,1,889.24
17527,888.86,463,6,4,222.22
17537,887.67,699,2,2,443.84
13035,886.63,627,3,2,443.32
14449,885.8,741,4,4,221.45
15822,885.47,375,2,2,442.74
17704,885.19,343,2,2,442.6
15799,884.14,955,3,3,294.71
15907,882.72,478,3,3,294.24
14359,882.58,363,6,3,294.19
18236,882.24,403,6,6,147.04
13037,881.07,431,3,3,293.69
15076,880.85,571,1,1,880.85
16714,879.0600000000001,587,4,3,293.02
14141,879.0300000000001,337,6,4,219.76
17731,878.2,392,5,4,219.55
15653,877.4399999999999,1200,2,2,438.72
17007,877.4300000000001,587,7,6,146.24
14770,876.42,490,2,2,438.21
16513,874.59,407,4,4,218.65
16657,874.43,1130,4,4,218.61
13294,873.74,453,2,2,436.87
13200,870.09,516,4,4,217.52
13979,869.87,639,1,1,869.87
17566,869.77,497,2,2,434.88
12694,869.67,509,2,2,434.84
13203,869.46,800,4,4,217.36
17886,869.28,469,3,3,289.76
15208,867.62,314,6,5,173.52
14715,867.38,521,4,4,216.84
14623,866.8000000000001,416,6,5,173.36
14597,866.24,566,2,2,433.12
17109,865.9300000000001,572,8,6,144.32
16567,865.6,996,2,2,432.8
17048,864.32,474,6,3,288.11
12680,862.81,443,4,4,215.7
13662,862.58,528,7,3,287.53
12940,862.44,399,4,2,431.22
16266,861.89,398,7,7,123.13
17649,861.74,398,2,1,861.74
16221,860.86,714,3,3,286.95
12794,860.41,592,2,2,430.2
13339,860.12,326,1,1,860.12
14577,859.71,353,4,4,214.93
14553,859.27,493,5,5,171.85
16235,858.41,328,6,5,171.68
13566,856.84,567,2,2,428.42
17064,855.45,316,3,3,285.15
16037,855.02,428,3,3,285.01
17560,854.95,635,4,4,213.74
16121,854.66,576,2,2,427.33
14193,853.39,445,2,2,426.7
15022,852.39,527,4,4,213.1
16070,852.15,457,2,2,426.08
16027,852.12,1146,7,6,142.02
16020,851.01,487,3,3,283.67
12379,850.29,406,3,2,425.14
18096,849.06,788,3,3,283.02
12713,848.55,508,1,1,848.55
14625,848.48,330,5,2,424.24
13846,847.61,383,4,3,282.54
13991,847.54,993,7,6,141.26
16347,847.45,341,2,2,423.72
13221,847.41,244,2,2,423.7
16877,846.62,458,6,6,141.1
14803,845.55,370,3,3,281.85
12847,843.64,873,1,1,843.64
17624,843.48,554,2,2,421.74
16801,842.33,307,5,4,210.58
12878,841.64,536,3,2,420.82
14912,841.52,970,3,2,420.76
14862,841.1999999999999,772,2,2,420.6
17076,841.0799999999999,295,3,3,280.36
14332,840.21,463,3,3,280.07
13940,839.14,516,4,4,209.78
14657,838.27,465,5,4,209.57
15832,836.79,465,1,1,836.79
12728,836.33,419,4,4,209.08
17027,835.86,410,7,6,139.31
13835,834.57,442,4,4,208.64
17929,834.5,107,5,4,208.62
16644,833.78,826,2,2,416.89
15862,832.88,585,4,4,208.22
12693,830.96,250,6,4,207.74
13681,827.83,360,4,4,206.96
16747,826.96,577,4,2,413.48
12461,826.88,287,2,2,413.44
16494,826.53,675,1,1,826.53
15164,824.58,351,3,3,274.86
14231,822.0600000000001,402,5,3,274.02
13893,821.1,190,1,1,821.1
17921,820.23,425,4,4,205.06
17759,819.96,697,3,3,273.32
13220,819.2900000000001,196,4,4,204.82
17169,816.88,519,4,2,408.44
16943,816.73,145,3,3,272.24
16560,816.51,494,3,2,408.26
16108,816.1,599,2,1,816.1
15649,816.0,192,2,2,408.0
15399,815.77,611,3,3,271.92
18064,814.0,384,2,2,407.0
17075,813.77,289,5,4,203.44
16600,813.52,1145,6,6,135.59
16621,813.48,302,4,4,203.37
14421,813.11,365,2,2,406.56
16284,812.68,535,2,2,406.34
17980,811.45,682,3,3,270.48
16460,811.23,876,3,3,270.41
16276,810.6000000000001,420,1,1,810.6
16624,810.5699999999999,488,2,2,405.28
16660,810.4499999999999,451,5,4,202.61
15965,808.87,434,4,4,202.22
14499,808.44,496,3,3,269.48
17115,806.9000000000001,368,5,3,268.97
13707,806.41,351,2,2,403.2
12421,806.27,483,5,4,201.57
13637,804.3,405,3,3,268.1
12778,804.23,824,7,6,134.04
12422,803.5600000000001,370,3,3,267.85
15644,803.54,550,4,4,200.88
13929,802.85,139,3,2,401.42
16164,802.53,432,4,3,267.51
18265,801.51,311,2,2,400.76
16367,800.67,643,2,2,400.34
13720,799.9,501,4,4,199.98
14475,799.82,428,6,3,266.61
17905,798.99,406,4,4,199.75
17703,798.74,590,3,3,266.25
13280,798.46,518,3,3,266.15
16438,798.35,463,5,5,159.67
13389,797.96,429,3,3,265.99
12701,797.71,678,2,2,398.86
16869,797.3199999999999,579,5,4,199.33
13336,795.12,559,1,1,795.12
15990,792.11,443,2,2,396.06
13167,791.33,785,4,4,197.83
13016,789.89,527,3,3,263.3
13323,787.85,175,5,5,157.57
15806,784.58,602,3,3,261.53
16054,783.9,380,1,1,783.9
18248,783.02,501,4,2,391.51
15952,781.91,391,4,4,195.48
17006,781.78,272,4,4,195.44
13884,781.3000000000001,297,6,5,156.26
15679,781.28,1170,4,4,195.32
13583,781.03,725,1,1,781.03
14644,780.46,252,4,2,390.23
17797,780.43,498,3,3,260.14
12735,779.5699999999999,368,2,2,389.78
16092,779.36,602,5,3,259.79
13212,779.33,308,4,3,259.78
14815,778.5,744,2,2,389.25
17414,778.0,2100,2,2,389.0
16505,777.6,576,1,1,777.6
13563,777.53,209,2,2,388.76
12425,777.2,496,1,1,777.2
15743,775.96,214,4,4,193.99
13341,775.85,301,1,1,775.85
16825,775.1800000000001,566,2,2,387.59
15414,774.9000000000001,443,3,3,258.3
16043,773.99,503,4,4,193.5
16222,773.5500000000001,325,1,1,773.55
15075,773.03,447,1,1,773.03
13375,772.9,441,2,1,772.9
16759,772.84,608,4,3,257.61
17764,772.55,351,2,2,386.28
17409,771.85,105,2,2,385.92
15353,770.12,341,2,2,385.06
12965,769.8100000000001,282,1,1,769.81
12628,769.61,445,4,3,256.54
16480,769.29,455,1,1,769.29
18228,769.2,236,3,2,384.6
17180,768.32,667,6,4,192.08
13356,768.24,325,1,1,768.24
13109,766.84,514,5,2,383.42
14976,765.86,230,8,7,109.41
14672,765.55,454,2,2,382.78
17695,765.34,779,2,2,382.67
14885,765.3199999999999,724,1,1,765.32
12434,765.19,373,4,2,382.6
17516,764.88,414,5,5,152.98
15239,764.34,591,3,2,382.17
17268,763.64,844,4,4,190.91
17466,763.28,306,2,2,381.64
16806,762.16,356,4,4,190.54
18136,761.83,373,4,3,253.94
15599,761.74,718,2,2,380.87
14412,761.3299999999999,784,3,2,380.66
15066,760.59,279,2,1,760.59
17425,759.17,407,2,2,379.58
16036,758.92,716,2,2,379.46
15568,758.29,461,3,3,252.76
16205,757.63,516,4,4,189.41
14550,757.37,389,2,2,378.68
14883,756.64,789,7,6,126.11
18104,754.64,362,1,1,754.64
14234,754.12,951,4,4,188.53
13730,752.6,488,2,2,376.3
13030,752.4399999999999,348,2,2,376.22
16725,752.32,287,8,7,107.47
17146,749.78,212,3,3,249.93
14923,749.1,418,1,1,749.1
17411,748.94,298,4,3,249.65
15656,748.5,343,4,4,187.12
16470,747.82,521,5,4,186.96
15618,747.031,428,5,4,186.76
15533,746.92,256,5,3,248.97
17387,746.81,522,2,2,373.4
14050,746.36,689,2,2,373.18
14790,745.06,699,4,4,186.26
13354,743.53,604,1,1,743.53
12374,742.9300000000001,342,1,1,742.93
16891,742.43,265,5,5,148.49
14662,741.37,578,4,4,185.34
13753,741.26,512,1,1,741.26
13900,740.95,430,3,3,246.98
15252,740.78,522,2,2,370.39
15831,740.64,1084,4,3,246.88
13329,740.4,427,4,2,370.2
17114,739.72,206,10,8,92.46
12603,739.1999999999999,63,1,1,739.2
14756,738.96,416,1,1,738.96
12976,738.6,561,1,1,738.6
17461,735.82,770,3,3,245.27
15074,735.67,431,1,1,735.67
17034,734.5699999999999,406,4,3,244.86
16146,734.13,427,3,3,244.71
12465,733.89,475,3,2,366.94
17692,733.4399999999999,666,5,4,183.36
16256,732.63,577,2,1,732.63
13575,732.0699999999999,449,5,5,146.41
16099,731.9,434,3,3,243.97
16770,731.9,444,6,5,146.38
16491,731.5,478,1,1,731.5
14778,730.86,306,2,2,365.43
13950,728.56,321,5,4,182.14
16261,728.54,301,4,4,182.14
17666,728.16,596,2,2,364.08
13077,728.02,862,4,4,182.0
13236,727.27,411,3,2,363.64
14055,725.6400000000001,216,1,1,725.64
12723,725.07,434,5,5,145.01
15636,724.76,284,2,2,362.38
12468,724.0400000000001,364,3,2,362.02
12475,723.38,535,1,1,723.38
15561,722.74,256,5,4,180.68
16924,722.64,454,4,3,240.88
17521,721.9599999999999,518,4,3,240.65
15272,721.94,310,2,2,360.97
13736,721.9,492,3,2,360.95
13370,721.32,336,2,1,721.32
18062,720.52,396,3,3,240.17
16023,719.81,358,3,3,239.94
15525,719.47,385,4,3,239.82
15584,718.36,311,5,4,179.59
14869,717.7,548,3,2,358.85
15274,716.57,619,2,2,358.28
12535,716.35,219,2,2,358.18
17029,716.0,400,2,2,358.0
18133,715.4999999999999,0,2,1,715.5
15330,714.96,1312,2,2,357.48
15757,714.42,491,2,2,357.21
18035,713.89,584,3,3,237.96
13169,712.88,272,2,2,356.44
13147,712.8000000000001,144,4,4,178.2
17761,712.78,398,1,1,712.78
17979,712.51,381,5,4,178.13
13416,712.5,142,2,2,356.25
17642,712.29,474,2,2,356.14
15855,712.24,470,5,5,142.45
13705,711.86,363,3,3,237.29
17179,711.79,290,3,3,237.26
13249,711.41,546,3,3,237.14
14127,709.71,321,3,3,236.57
16136,709.38,440,3,3,236.46
12427,708.37,236,5,3,236.12
12781,707.72,592,5,2,353.86
12453,707.09,473,1,1,707.09
17526,706.7,257,8,4,176.68
16364,705.79,279,2,2,352.9
16882,705.12,424,3,3,235.04
17934,704.25,478,2,2,352.12
17974,703.99,500,3,3,234.66
16140,703.77,727,4,2,351.88
12883,703.47,196,4,4,175.87
15103,703.36,329,2,2,351.68
16730,702.79,898,4,3,234.26
16997,702.0,360,3,3,234.0
14179,701.57,319,2,2,350.78
14867,701.33,327,4,3,233.78
17734,700.63,422,3,3,233.54
17812,699.81,329,4,4,174.95
17472,697.54,455,3,3,232.51
15800,696.89,332,2,2,348.44
17884,695.0699999999999,817,4,4,173.77
12413,694.15,282,5,3,231.38
12925,694.05,541,2,2,347.02
15053,693.95,984,3,3,231.32
13601,693.32,548,2,2,346.66
17198,692.22,357,3,3,230.74
17733,692.19,463,2,2,346.1
14880,690.59,365,3,3,230.2
17796,690.0,176,4,4,172.5
18085,689.95,265,2,2,344.98
13023,689.9,286,2,2,344.95
16015,689.6999999999999,904,4,3,229.9
17502,689.1,376,4,4,172.28
13799,688.86,402,2,2,344.43
14111,688.6,457,5,4,172.15
14201,688.04,578,9,7,98.29
16309,686.67,465,3,2,343.34
18196,686.63,431,2,2,343.32
12658,686.05,320,1,1,686.05
14009,685.9300000000001,361,3,2,342.96
14959,684.97,491,5,4,171.24
16122,684.4200000000001,1128,4,4,171.1
14222,683.17,607,1,1,683.17
15582,682.9100000000001,453,3,3,227.64
17341,682.29,443,3,3,227.43
18135,681.9100000000001,349,5,5,136.38
17397,681.41,250,2,2,340.7
16212,681.19,241,3,2,340.6
12410,681.0799999999999,209,3,2,340.54
12478,680.99,236,1,1,680.99
18082,680.84,608,1,1,680.84
13238,680.83,296,5,4,170.21
15304,680.3,100,10,8,85.04
15181,680.28,542,5,3,226.76
13524,680.1800000000001,324,5,5,136.04
16872,680.02,600,3,3,226.67
16642,679.83,478,3,2,339.92
14788,679.4399999999999,421,2,2,339.72
13548,678.16,436,2,2,339.08
15669,677.69,339,5,4,169.42
13040,676.99,355,2,2,338.5
16377,676.2,1500,1,1,676.2
15626,675.8,766,2,2,337.9
18156,675.64,283,2,2,337.82
15574,675.64,332,4,4,168.91
12942,675.6,198,3,3,225.2
13607,675.51,288,1,1,675.51
13325,675.3,240,1,1,675.3
13838,674.82,254,4,4,168.7
13355,674.7,314,1,1,674.7
16449,674.69,359,3,2,337.34
13464,674.68,403,1,1,674.68
17749,674.52,320,2,2,337.26
13951,674.45,459,3,3,224.82
14504,673.26,308,4,4,168.32
13258,672.83,282,3,3,224.28
14628,671.96,272,2,2,335.98
12838,671.95,355,2,2,335.98
12638,671.69,577,1,1,671.69
15951,669.57,306,3,2,334.78
14643,668.61,755,3,2,334.3
12418,668.58,407,1,1,668.58
16268,667.65,533,2,2,333.82
14356,666.9399999999999,266,4,2,333.47
15400,666.7,360,6,5,133.34
13741,666.33,217,4,3,222.11
17105,665.78,693,2,2,332.89
13963,664.54,460,4,4,166.14
17883,664.34,374,4,4,166.08
16208,664.26,333,2,2,332.13
13596,664.11,384,2,2,332.06
15700,664.03,328,3,2,332.02
14720,663.81,219,3,3,221.27
13240,663.65,298,4,4,165.91
17423,663.63,421,4,2,331.82
14198,663.5,280,7,4,165.88
17462,662.94,224,3,2,331.47
14603,660.0,400,1,1,660.0
13028,659.68,796,3,2,329.84
15492,659.4599999999999,483,2,2,329.73
13759,659.4100000000001,287,2,2,329.71
16357,658.88,246,3,3,219.63
14150,658.64,496,2,2,329.32
17874,658.26,209,7,6,109.71
16696,657.9000000000001,146,4,4,164.48
14818,657.8,324,3,3,219.27
17459,657.3,537,2,2,328.65
12616,657.25,273,5,2,328.62
15677,657.23,319,1,1,657.23
17321,657.16,364,2,2,328.58
13049,656.6800000000001,268,2,2,328.34
16708,656.63,285,1,1,656.63
17299,656.61,668,4,4,164.15
15197,656.44,453,5,3,218.81
16127,656.25,323,1,1,656.25
14894,655.75,265,1,1,655.75
14725,655.58,588,1,1,655.58
16774,654.92,318,5,4,163.73
14651,653.75,343,2,2,326.88
17398,653.38,310,3,3,217.79
18151,653.35,355,2,2,326.68
18121,653.3,438,2,2,326.65
15031,653.19,400,4,4,163.3
14548,652.8,256,2,2,326.4
17523,652.74,872,4,4,163.18
13623,652.4,278,7,5,130.48
16056,650.75,345,1,1,650.75
15571,650.4300000000001,264,4,4,162.61
16969,650.41,816,3,3,216.8
15098,649.5,60,5,3,216.5
15205,648.8299999999999,377,3,2,324.41
13430,648.6899999999999,738,4,2,324.34
16573,648.41,354,4,2,324.2
16495,648.26,328,3,3,216.09
17777,647.56,501,3,3,215.85
15643,647.4,242,6,3,215.8
17373,646.92,408,4,4,161.73
16734,646.76,345,3,3,215.59
12589,646.68,306,2,2,323.34
14044,646.42,304,4,4,161.6
15651,646.3,479,3,3,215.43
15038,645.84,182,7,6,107.64
14855,645.65,267,2,2,322.82
14829,644.65,414,6,4,161.16
17312,644.3,372,3,3,214.77
16157,644.24,344,4,3,214.75
14451,643.9,378,2,2,321.95
16383,643.76,467,2,2,321.88
14126,643.6300000000001,458,4,3,214.54
12612,643.59,251,2,1,643.59
14020,642.8,441,2,2,321.4
13034,642.77,369,2,2,321.38
17545,642.32,337,3,3,214.11
17046,642.02,510,1,1,642.02
16554,641.55,311,7,3,213.85
12624,641.13,355,2,2,320.56
13417,640.83,162,2,2,320.42
13318,640.76,304,3,3,213.59
12631,640.5,236,1,1,640.5
17515,639.02,243,4,4,159.76
16444,638.77,405,5,4,159.69
18160,638.0600000000001,294,2,2,319.03
14754,638.05,486,2,2,319.02
16014,637.58,254,4,3,212.53
14128,637.5,564,2,2,318.75
14481,636.51,489,2,2,318.26
14664,636.24,465,2,2,318.12
15829,636.14,996,2,2,318.07
15384,635.76,593,3,2,317.88
15773,635.6800000000001,311,1,1,635.68
16139,635.41,330,3,3,211.8
15100,635.1,58,6,3,211.7
15297,635.04,290,4,3,211.68
17779,633.92,393,5,3,211.31
14000,633.71,707,2,1,633.71
15045,633.66,106,3,2,316.83
13892,632.97,983,4,4,158.24
14220,632.4,272,2,2,316.2
14301,632.04,600,2,1,632.04
13822,632.0,611,2,2,316.0
14021,631.9,192,3,3,210.63
15244,631.57,405,2,2,315.79
17985,631.35,171,1,1,631.35
16418,631.12,280,3,3,210.37
17990,630.84,414,3,3,210.28
13046,629.31,264,2,2,314.65
13525,628.78,394,2,2,314.39
14687,628.38,470,1,1,628.38
16362,627.29,314,9,5,125.46
13518,627.16,382,1,1,627.16
13388,627.15,281,3,2,313.58
15028,627.13,459,4,4,156.78
15402,626.77,694,2,2,313.38
14036,626.65,268,1,1,626.65
17994,626.09,471,6,4,156.52
16469,625.42,260,4,4,156.35
16750,623.93,214,5,5,124.79
13368,623.4,327,2,2,311.7
13564,623.3900000000001,634,5,3,207.8
16431,623.28,442,3,3,207.76
15258,623.16,142,2,2,311.58
17499,622.88,711,1,1,622.88
15182,622.85,253,2,2,311.42
18217,621.75,491,2,2,310.88
16915,621.6800000000001,132,6,6,103.61
17640,621.66,250,1,1,621.66
13402,621.23,479,2,2,310.62
13546,621.09,357,3,3,207.03
16141,620.4,238,1,1,620.4
12667,620.13,395,1,1,620.13
13493,618.63,380,2,2,309.32
16613,618.59,293,1,1,618.59
12596,618.27,474,2,2,309.14
13301,618.09,345,4,4,154.52
13496,617.93,329,3,2,308.96
14593,617.15,330,3,3,205.72
14377,617.05,219,2,2,308.52
13925,616.65,327,6,4,154.16
16311,616.26,394,2,2,308.13
15215,615.99,211,6,3,205.33
14382,615.49,1231,1,1,615.49
13145,614.77,142,5,4,153.69
16566,614.01,361,6,5,122.8
13914,613.95,379,3,2,306.98
18022,612.72,703,1,1,612.72
15073,612.43,277,4,3,204.14
18149,612.0799999999999,310,3,3,204.03
15232,612.06,686,2,2,306.03
15645,612.01,256,1,1,612.01
16109,611.88,612,2,2,305.94
14152,611.09,699,3,2,305.54
13731,610.59,278,2,2,305.3
12673,610.52,351,2,2,305.26
15795,610.01,581,1,1,610.01
14636,609.85,241,2,2,304.92
13357,609.4,321,1,1,609.4
16442,609.3,443,3,3,203.1
15275,609.19,497,2,1,609.19
13933,608.7900000000001,205,2,2,304.4
15147,608.65,363,2,1,608.65
12719,608.1,361,3,2,304.05
14342,607.71,337,6,4,151.93
12933,606.28,498,4,3,202.09
18218,606.22,498,4,2,303.11
16718,606.0500000000001,407,1,1,606.05
13539,605.84,314,4,3,201.95
17849,605.8000000000001,114,4,4,151.45
17507,605.58,359,2,2,302.79
13233,605.12,1004,2,2,302.56
17664,604.64,604,2,2,302.32
12944,604.51,289,2,2,302.26
16732,603.75,317,1,1,603.75
12649,603.71,574,4,3,201.24
16134,603.69,357,3,2,301.85
12707,603.42,256,1,1,603.42
15322,602.97,365,2,1,602.97
16022,602.63,255,1,1,602.63
15366,602.51,621,2,2,301.26
16306,602.27,471,9,6,100.38
12654,601.98,264,5,5,120.4
14609,601.56,7026,4,4,150.39
18183,600.52,362,6,2,300.26
12420,600.39,345,1,1,600.39
18211,600.07,359,5,5,120.01
12872,599.97,319,2,2,299.98
14905,599.9,274,3,2,299.95
12521,599.68,309,1,1,599.68
12556,599.56,355,2,2,299.78
14710,599.48,375,4,4,149.87
17420,598.83,265,3,3,199.61
15720,598.73,281,1,1,598.73
13311,598.57,305,2,2,299.29
16298,598.2,198,3,3,199.4
14645,597.09,381,2,2,298.54
15381,596.85,171,2,2,298.42
14675,596.36,336,1,1,596.36
14467,596.26,276,4,4,149.06
18246,596.1,166,2,2,298.05
14965,596.09,363,2,2,298.04
13888,595.67,254,2,2,297.83
16654,594.97,280,5,4,148.74
16763,594.9,318,2,1,594.9
13558,594.52,338,4,4,148.63
16788,594.39,304,2,2,297.2
14108,594.16,380,3,2,297.08
13959,594.04,355,3,3,198.01
12917,594.0,120,1,1,594.0
15442,594.0,120,1,1,594.0
16535,593.75,356,1,1,593.75
17119,593.61,327,3,2,296.8
13314,593.51,487,4,3,197.84
16116,592.88,246,2,1,592.88
13811,591.75,67,4,3,197.25
15573,591.1899999999999,355,2,2,295.59
13276,590.9300000000001,161,2,2,295.47
14133,590.3399999999999,342,5,3,196.78
13270,590.0,200,1,1,590.0
13452,590.0,2,2,2,295.0
14882,589.7,158,2,2,294.85
16203,589.15,261,5,4,147.29
15624,588.13,357,4,4,147.03
17351,587.15,113,3,3,195.72
17890,586.89,402,2,2,293.44
12513,586.79,456,2,1,586.79
13243,585.12,232,1,1,585.12
15222,585.0,440,1,1,585.0
16384,584.5,260,2,2,292.25
16072,584.3199999999999,140,1,1,584.32
14023,584.07,345,2,2,292.04
13557,584.06,546,2,2,292.03
15762,583.75,251,2,2,291.88
17867,583.52,219,8,6,97.25
15969,582.9,120,4,3,194.3
16838,582.9,184,3,2,291.45
12426,582.73,258,1,1,582.73
13427,582.6,545,3,3,194.2
18232,582.47,299,5,4,145.62
12695,582.1,220,4,4,145.52
15648,582.0500000000001,210,4,2,291.03
14692,582.05,255,5,4,145.51
15768,581.8299999999999,243,4,3,193.94
17259,581.23,388,2,2,290.62
18095,580.0500000000001,419,2,2,290.03
17142,579.0,81,1,1,579.0
13292,578.9399999999999,347,2,2,289.47
16005,578.71,280,4,4,144.68
14529,578.61,325,3,3,192.87
14284,578.45,157,3,2,289.23
16723,576.4,398,2,2,288.2
15550,575.63,295,4,4,143.91
13487,575.4,265,3,3,191.8
18123,574.4399999999999,582,2,2,287.22
14323,574.26,340,4,2,287.13
15303,574.02,248,1,1,574.02
14176,574.0,207,5,4,143.5
14410,573.45,288,15,9,63.72
13379,572.56,601,3,3,190.85
13405,572.451,165,3,3,190.82
12816,572.2,128,2,2,286.1
17616,571.1999999999999,224,3,3,190.4
15821,570.96,202,2,2,285.48
17540,570.4,193,3,2,285.2
12601,569.5600000000001,244,6,5,113.91
17360,568.24,328,3,3,189.41
13321,567.36,372,2,2,283.68
16667,567.1800000000001,236,2,2,283.59
18150,566.58,332,3,3,188.86
12384,566.16,121,3,2,283.08
16345,565.46,288,1,1,565.46
12577,564.2,463,4,3,188.07
14753,563.15,211,1,1,563.15
17970,562.79,513,1,1,562.79
17014,562.6800000000001,238,4,3,187.56
14167,562.59,147,4,4,140.65
16916,562.41,431,2,2,281.2
12414,562.41,300,3,3,187.47
13946,561.5699999999999,443,3,3,187.19
13044,560.47,429,1,1,560.47
14273,559.97,264,4,4,139.99
16275,559.87,336,1,1,559.87
14400,559.7,450,2,1,559.7
15415,559.61,551,1,1,559.61
16906,559.59,263,4,4,139.9
12866,559.12,171,1,1,559.12
17503,558.96,486,2,2,279.48
13800,558.32,331,1,1,558.32
14592,557.94,407,3,3,185.98
13260,557.62,142,1,1,557.62
15339,557.57,414,3,2,278.79
17955,557.3,273,4,4,139.32
13939,556.75,843,4,3,185.58
13816,555.04,260,4,2,277.52
16385,554.86,258,3,3,184.95
17864,554.85,706,3,3,184.95
14891,554.38,505,2,2,277.19
14338,554.22,329,4,2,277.11
15068,553.36,364,2,2,276.68
12879,552.5699999999999,363,4,3,184.19
12363,552.0,408,2,2,276.0
15315,551.54,838,3,2,275.77
17674,551.04,672,2,2,275.52
17291,550.8000000000001,72,1,1,550.8
17235,550.06,224,2,2,275.03
17265,550.01,389,2,2,275.0
12390,549.84,353,1,1,549.84
16031,547.9,421,2,2,273.95
15830,547.7,409,2,1,547.7
16811,547.07,477,2,2,273.54
17637,547.0600000000001,280,2,2,273.53
17295,547.0,293,3,3,182.33
17520,546.81,365,1,1,546.81
14805,546.4,114,4,4,136.6
17806,546.04,727,1,1,546.04
12793,545.48,295,2,2,272.74
12987,545.0,217,3,2,272.5
14177,544.51,203,5,4,136.13
16475,544.3,319,4,4,136.07
13617,544.18,300,3,3,181.39
13390,544.08,224,1,1,544.08
16927,543.05,993,3,3,181.02
16211,542.77,153,2,1,542.77
13278,542.73,537,1,1,542.73
16230,542.03,365,2,2,271.02
17447,541.53,443,2,2,270.76
17557,541.46,306,3,3,180.49
14997,540.98,1102,4,3,180.33
13874,540.45,180,1,1,540.45
12743,540.13,315,2,2,270.06
13812,539.0,333,3,3,179.67
14496,538.8100000000001,159,2,2,269.41
14618,538.59,261,4,3,179.53
15539,538.46,410,1,1,538.46
16536,538.17,249,2,1,538.17
16278,537.83,109,3,1,537.83
14474,537.71,139,2,1,537.71
14539,537.48,428,2,2,268.74
16206,537.0600000000001,272,4,4,134.27
15043,537.0,300,1,1,537.0
16804,536.99,246,3,3,179.0
12559,536.21,281,3,2,268.1
13894,535.97,339,5,3,178.66
16142,535.34,422,1,1,535.34
13000,534.85,379,3,3,178.28
13385,534.57,281,1,1,534.57
16340,534.31,486,1,1,534.31
13434,534.24,300,2,2,267.12
17443,534.24,504,1,1,534.24
15825,532.94,220,1,1,532.94
12784,532.8199999999999,280,2,2,266.41
16706,531.35,249,3,3,177.12
14265,530.18,330,2,2,265.09
18159,530.15,139,1,1,530.15
16933,530.08,281,5,2,265.04
14002,529.73,877,2,2,264.86
14463,529.62,179,3,3,176.54
17062,529.4300000000001,416,5,4,132.36
16185,529.41,260,2,2,264.7
18043,529.29,265,3,3,176.43
15452,528.48,280,3,3,176.16
17631,528.33,334,3,3,176.11
15756,528.01,241,4,4,132.0
17623,527.0500000000001,265,1,1,527.05
15919,525.69,385,2,2,262.85
13721,524.14,316,1,1,524.14
17329,523.11,142,2,2,261.56
18017,523.0,300,3,3,174.33
17712,522.91,215,1,1,522.91
15149,520.8000000000001,128,1,1,520.8
17345,519.6899999999999,341,4,4,129.92
14873,519.68,168,1,1,519.68
12571,519.61,523,2,2,259.8
13643,519.44,273,3,3,173.15
16650,518.42,372,1,1,518.42
15030,518.28,372,2,2,259.14
18252,518.27,234,2,2,259.14
16135,517.55,209,1,1,517.55
17454,517.53,243,4,4,129.38
18205,517.36,192,2,2,258.68
17897,516.3100000000001,216,4,3,172.1
17888,515.73,424,10,8,64.47
12811,514.85,230,3,3,171.62
15246,514.15,247,2,2,257.08
17513,513.2,254,1,1,513.2
17290,513.01,397,2,2,256.5
17805,512.31,478,1,1,512.31
17429,512.12,616,4,3,170.71
15467,511.88,306,4,3,170.63
15891,511.68,418,1,1,511.68
12582,511.36,300,2,2,255.68
14851,511.35,325,2,2,255.68
15655,511.32,319,2,1,511.32
16561,511.12,244,2,2,255.56
16325,510.54,164,5,3,170.18
14034,509.09,312,4,3,169.7
12436,509.01,211,1,1,509.01
15417,508.8,284,1,1,508.8
17391,508.8,480,2,2,254.4
14317,508.58000000000004,255,1,1,508.58
17958,508.4599999999999,84,1,1,508.46
17415,507.84,114,1,1,507.84
14158,507.66,781,1,1,507.66
14820,507.29,253,4,4,126.82
16960,507.05,304,3,3,169.02
13885,506.8,182,2,2,253.4
17480,506.51,336,2,1,506.51
16614,506.19,223,1,1,506.19
12988,505.82,126,1,1,505.82
14014,505.18,1076,1,1,505.18
15469,504.5,150,4,2,252.25
12863,504.2,186,2,1,504.2
12991,503.76,405,2,2,251.88
17630,503.59999999999997,158,2,2,251.8
13865,501.56,204,4,4,125.39
14871,501.28000000000003,179,4,4,125.32
13247,501.12,328,4,4,125.28
16616,500.42,370,2,2,250.21
15389,500.0,400,1,1,500.0
14077,499.41999999999996,268,5,5,99.88
15193,499.32,144,1,1,499.32
14681,498.95,76,3,3,166.32
15142,498.74,365,1,1,498.74
17298,498.42,387,2,2,249.21
16820,497.61,307,1,1,497.61
17495,497.56,229,2,2,248.78
15300,496.44,292,1,1,496.44
17053,496.38,121,2,1,496.38
12904,496.06,294,2,2,248.03
17374,495.77,85,2,2,247.88
15882,495.36,266,5,4,123.84
16602,494.72999999999996,317,2,1,494.73
15448,494.64,232,1,1,494.64
16352,494.44,300,2,2,247.22
17333,494.25,375,1,1,494.25
12763,494.08,316,2,2,247.04
16955,493.67,246,5,4,123.42
14270,492.65000000000003,197,1,1,492.65
16488,492.2,724,4,3,164.07
13732,491.86,498,1,1,491.86
14236,490.86,310,2,2,245.43
15000,490.52,218,1,1,490.52
14416,490.22,326,2,2,245.11
18074,489.6,190,1,1,489.6
16892,489.49,232,7,5,97.9
17361,488.2,157,3,3,162.73
13984,488.03,271,6,5,97.61
14396,487.99,225,2,2,244.0
15165,487.75,160,1,1,487.75
16643,487.51,269,1,1,487.51
15081,487.35,188,6,5,97.47
13675,486.82000000000005,330,2,2,243.41
17453,486.71999999999997,219,2,2,243.36
13153,486.22,418,1,1,486.22
12639,486.1,201,1,1,486.1
17658,485.88,522,3,2,242.94
15287,485.24,432,3,2,242.62
13116,485.19,290,2,1,485.19
16999,484.82,294,2,2,242.41
12809,484.36,219,2,1,484.36
13531,483.8,174,2,2,241.9
14958,483.72999999999996,128,3,3,161.24
12808,483.65000000000003,188,3,3,161.22
14450,483.25,241,3,3,161.08
16603,482.47,480,2,2,241.24
18216,481.75,200,1,1,481.75
13176,481.49,448,1,1,481.49
16863,481.35,392,4,2,240.68
16518,480.92,325,3,2,240.46
14130,480.91,257,1,1,480.91
15006,480.38,286,1,1,480.38
17555,480.31,348,2,2,240.16
16368,479.91,251,2,2,239.96
16812,479.35,81,1,1,479.35
16008,478.78,323,3,3,159.59
12644,477.91,325,1,1,477.91
16693,477.86,203,2,2,238.93
12479,477.3,351,3,1,477.3
15091,476.96,343,2,1,476.96
15344,476.58,106,5,3,158.86
12447,476.49,190,1,1,476.49
15507,475.86,160,1,1,475.86
15780,475.28000000000003,220,3,3,158.43
16859,473.14,656,5,2,236.57
14013,473.02,462,3,3,157.67
17950,472.12,342,4,3,157.37
13043,471.57,251,2,1,471.57
15721,471.40000000000003,388,1,1,471.4
15963,470.76,298,2,2,235.38
15026,469.0,285,3,3,156.33
13005,468.95,167,3,2,234.48
15557,468.91,213,1,1,468.91
14896,468.77000000000004,279,2,2,234.39
14147,468.4,96,3,2,234.2
14029,467.66,198,2,2,233.83
13579,467.04,176,2,2,233.52
16374,466.73,237,2,2,233.36
16504,465.88,510,1,1,465.88
13248,465.68,305,2,2,232.84
13928,464.57,129,4,4,116.14
16586,463.95,95,1,1,463.95
15349,463.90999999999997,321,2,2,231.96
14967,463.8,140,1,1,463.8
15109,463.75,127,2,1,463.75
12787,463.66,261,3,3,154.55
17418,463.46000000000004,289,2,2,231.73
14489,463.38,299,1,1,463.38
17964,463.21,294,2,2,231.6
14853,463.05,81,3,2,231.52
12945,462.95,165,1,1,462.95
14331,462.65999999999997,252,2,2,231.33
14470,461.19,193,2,2,230.6
16824,460.64,236,2,2,230.32
16805,460.59,539,2,2,230.3
12491,460.40000000000003,260,1,1,460.4
13092,459.83,271,6,5,91.97
12355,459.4,240,1,1,459.4
16589,459.24,368,3,3,153.08
17880,458.92,314,1,1,458.92
16768,458.04,191,5,3,152.68
15092,457.81,135,2,2,228.9
15121,457.72,199,2,2,228.86
14497,457.47,233,2,1,457.47
13398,457.34,281,1,1,457.34
12564,456.9,133,1,1,456.9
15589,456.58,242,4,3,152.19
15018,456.26,188,4,3,152.09
12999,455.88,342,3,3,151.96
15754,455.67,197,4,3,151.89
12375,455.42,177,3,2,227.71
15585,455.3,320,1,1,455.3
16529,455.25,198,1,1,455.25
15223,454.90000000000003,98,3,2,227.45
14335,454.86,375,2,2,227.43
15471,454.48,256,1,1,454.48
16038,454.33000000000004,241,4,3,151.44
13485,454.24,277,1,1,454.24
17140,454.12,296,1,1,454.12
15475,454.10999999999996,319,1,1,454.11
17564,454.01,146,3,3,151.34
12729,453.01,233,1,1,453.01
18071,453.0,260,2,2,226.5
14184,452.89,127,1,1,452.89
12591,452.84999999999997,228,1,1,452.85
13506,452.82,321,3,2,226.41
17460,452.63,176,8,6,75.44
18158,451.75,353,3,2,225.88
16574,451.44,416,1,1,451.44
14173,450.84,150,4,4,112.71
16885,450.41,178,3,3,150.14
17040,449.73,181,1,1,449.73
13489,449.52,560,4,4,112.38
12448,449.45,243,1,1,449.45
15739,449.12,472,1,1,449.12
18176,448.65,279,2,1,448.65
14780,447.68,310,2,2,223.84
15368,446.94000000000005,230,1,1,446.94
17370,446.18,540,4,4,111.54
18006,444.68,220,1,1,444.68
14638,443.6,166,1,1,443.6
16404,443.05,157,1,1,443.05
18222,443.0,335,1,1,443.0
16163,441.59999999999997,92,3,2,220.8
17579,440.2,256,4,3,146.73
14022,440.0,487,1,1,440.0
15524,440.0,4,1,1,440.0
18233,440.0,4,1,1,440.0
12391,439.66,293,1,1,439.66
16025,439.65999999999997,338,1,1,439.66
16968,439.43,326,2,2,219.72
13358,439.03,285,1,1,439.03
14513,438.49,355,4,3,146.16
15468,438.46,150,5,2,219.23
15881,438.24,199,8,5,87.65
14272,437.96,599,2,2,218.98
15877,437.83,243,3,2,218.92
12552,437.82,88,2,2,218.91
16034,437.7,242,3,3,145.9
12592,437.6,290,2,2,218.8
16898,436.68,379,4,3,145.56
16084,436.18,216,1,1,436.18
15551,436.06,218,1,1,436.06
16948,435.02,1614,3,3,145.01
15456,434.59000000000003,633,3,3,144.86
14093,433.86,391,1,1,433.86
16236,432.2,184,1,1,432.2
16881,432.0,600,1,1,432.0
13338,431.82,247,3,1,431.82
13359,431.26,159,2,1,431.26
13066,430.9,320,3,2,215.45
13245,430.5,125,1,1,430.5
12795,430.48,68,1,1,430.48
12827,430.15000000000003,197,3,3,143.38
16884,429.84000000000003,320,2,2,214.92
15450,429.84,376,1,1,429.84
15230,429.6,351,2,2,214.8
15036,429.56,316,3,3,143.19
15553,428.93,449,1,1,428.93
15957,428.89,211,1,1,428.89
13602,428.89,267,1,1,428.89
12452,428.57,183,3,2,214.28
17869,428.18,111,5,5,85.64
15360,427.93,223,1,1,427.93
12725,427.8,164,1,1,427.8
15976,427.64,275,2,2,213.82
12740,427.6,342,1,1,427.6
13171,426.81,227,5,3,142.27
15930,426.63,139,1,1,426.63
15406,426.61,236,4,2,213.3
15535,426.4,121,7,4,106.6
15639,425.32,323,1,1,425.32
15646,425.14000000000004,388,4,3,141.71
16119,423.36,240,2,2,211.68
14431,423.26,124,2,1,423.26
17525,422.70000000000005,82,1,1,422.7
18240,422.58,126,1,1,422.58
13140,422.47,185,3,3,140.82
16780,422.24,270,2,2,211.12
16233,422.13,165,5,3,140.71
18106,421.9,126,1,1,421.9
14757,420.5,160,1,1,420.5
15206,420.29999999999995,162,4,4,105.07
15889,420.07,206,2,2,210.04
14124,419.58000000000004,1618,1,1,419.58
15361,418.92,336,1,1,418.92
18034,418.68,559,2,2,209.34
17371,418.4,151,3,3,139.47
12593,418.09999999999997,206,3,3,139.37
17701,417.95,109,1,1,417.95
15433,417.87,399,3,2,208.94
17232,417.77,202,2,2,208.88
16737,417.59999999999997,288,1,1,417.6
13473,417.54,260,3,2,208.77
12833,417.38,156,1,1,417.38
17392,417.27,277,2,2,208.64
16816,417.06,274,4,4,104.26
13889,416.90000000000003,146,1,1,416.9
17223,416.89,110,2,2,208.44
15935,416.86,115,2,2,208.43
12493,416.79,206,3,2,208.4
16957,416.64,172,2,2,208.32
15803,415.82000000000005,290,1,1,415.82
14139,415.82,510,1,1,415.82
12580,415.7,238,1,1,415.7
15725,415.25,221,1,1,415.25
18001,415.13,362,2,2,207.56
16795,414.88,239,1,1,414.88
14998,414.87,258,2,2,207.44
12993,414.76,240,4,4,103.69
13166,414.7,214,2,1,414.7
15994,414.27,173,1,1,414.27
17483,414.04,191,3,3,138.01
14288,413.85,187,2,1,413.85
13974,413.59000000000003,249,1,1,413.59
16834,413.46,358,1,1,413.46
17134,413.2,98,2,2,206.6
12802,412.58,302,2,1,412.58
15523,412.01000000000005,132,1,1,412.01
16272,411.7,224,1,1,411.7
15186,411.41,215,2,2,205.7
12579,410.72,278,3,1,410.72
15099,410.48,343,1,1,410.48
15695,409.98,212,2,2,204.99
12930,409.9,250,4,2,204.95
13827,409.8,138,3,3,136.6
12403,409.7,95,2,1,409.7
14348,409.57,183,1,1,409.57
12990,409.5,200,3,3,136.5
15225,409.40000000000003,226,1,1,409.4
16243,409.1,110,2,2,204.55
16018,408.90000000000003,190,2,2,204.45
15269,408.8,26,1,1,408.8
17913,408.65,288,2,2,204.32
16629,408.63,489,2,2,204.32
16324,408.59000000000003,270,3,3,136.2
17931,408.36,249,2,2,204.18
16399,408.02,263,2,2,204.01
15127,406.53,251,1,1,406.53
16947,406.48,312,1,1,406.48
14616,406.08000000000004,104,3,3,135.36
12970,405.47,268,4,4,101.37
12922,405.38,370,1,1,405.38
15012,405.04,225,2,2,202.52
15938,404.58,240,5,5,80.92
16319,404.40000000000003,72,1,1,404.4
12498,403.70000000000005,159,3,3,134.57
17431,403.3,292,1,1,403.3
18036,403.12,232,3,3,134.37
15184,402.2,199,2,2,201.1
12386,401.9,354,2,2,200.95
15158,401.40000000000003,198,1,1,401.4
16500,400.86,123,6,6,66.81
16198,400.68100000000004,129,1,1,400.68
12792,400.53999999999996,217,1,1,400.54
13615,399.99,183,2,1,399.99
15809,399.21,251,6,5,79.84
18154,399.19,255,2,2,199.6
17052,399.09,251,1,1,399.09
17830,398.7,92,3,3,132.9
15522,397.99,572,2,2,199.0
12508,397.88,271,2,2,198.94
15967,397.68,205,2,2,198.84
17926,397.29,306,2,2,198.64
12824,397.12,232,1,1,397.12
13594,396.97,359,1,1,396.97
17486,396.87,191,1,1,396.87
15883,396.48,223,2,2,198.24
18067,396.33,189,1,1,396.33
16354,395.8,150,2,2,197.9
18164,394.7,183,2,1,394.7
16207,394.38,140,1,1,394.38
15386,394.14,446,1,1,394.14
15264,393.74,265,1,1,393.74
17226,393.49,406,1,1,393.49
14600,393.33000000000004,125,1,1,393.33
14620,393.28000000000003,188,3,2,196.64
14670,392.86,326,2,2,196.43
14157,392.44,260,3,2,196.22
16010,392.4,202,3,3,130.8
15837,391.98,189,1,1,391.98
15342,391.76,276,2,1,391.76
16917,391.52,232,1,1,391.52
13255,390.66,174,3,2,195.33
14910,389.86,221,7,4,97.46
17379,389.71999999999997,623,1,1,389.72
14752,389.64,260,1,1,389.64
16250,389.44,208,2,2,194.72
13352,389.28,315,2,1,389.28
15847,389.27,449,2,2,194.64
12690,389.01,106,1,1,389.01
15592,388.58,354,1,1,388.58
13899,388.52,156,2,2,194.26
17035,388.33,201,3,2,194.16
14538,388.25,155,2,2,194.12
17817,387.68,67,3,3,129.23
13673,387.44,114,2,2,193.72
17508,387.31,289,1,1,387.31
17595,386.69,228,2,2,193.34
14114,386.53,101,2,2,193.26
17614,386.32,235,1,1,386.32
14779,386.15,84,3,3,128.72
14420,385.87,333,2,1,385.87
13821,385.64,153,2,2,192.82
17711,385.1,246,2,2,192.55
17357,384.39,152,2,2,192.2
16204,384.18,218,1,1,384.18
17205,384.08,884,1,1,384.08
16982,384.06,182,1,1,384.06
12733,383.95,137,1,1,383.95
13833,383.85,117,1,1,383.85
17189,383.75,226,2,2,191.88
12515,383.7,131,1,1,383.7
15440,383.68,197,3,3,127.89
15424,383.34,554,2,2,191.67
14460,383.34,869,4,3,127.78
12832,383.03,195,2,2,191.52
13817,382.98,211,2,2,191.49
13657,382.14,209,2,2,191.07
17250,381.97,167,2,2,190.98
13873,381.7,138,4,3,127.23
15090,381.32,208,1,1,381.32
16441,381.2,173,2,2,190.6
12871,380.64,200,2,2,190.32
17138,380.5,126,1,1,380.5
17999,380.39,219,2,2,190.2
17031,380.35,235,2,2,190.18
17936,380.13,257,1,1,380.13
14731,380.02,256,3,3,126.67
17239,379.95,149,2,1,379.95
16552,379.73,219,2,2,189.86
13589,379.65,114,2,2,189.82
13656,379.65,490,2,2,189.82
14619,379.51,145,2,1,379.51
17878,379.45,401,1,1,379.45
16484,379.4,194,3,2,189.7
15885,379.35,111,3,3,126.45
16930,378.89,339,3,3,126.3
13372,378.64,159,1,1,378.64
13954,378.59,141,3,2,189.3
17438,378.3,100,2,1,378.3
17078,378.2,788,2,2,189.1
13345,377.6,139,2,1,377.6
15048,377.52,180,5,4,94.38
12982,377.2,278,2,1,377.2
12890,376.71999999999997,256,1,1,376.72
17489,376.64,428,2,2,188.32
14448,375.35,104,2,2,187.68
14048,375.13,274,2,1,375.13
14079,375.1,301,1,1,375.1
16147,375.0,246,1,1,375.0
14067,374.7,361,2,2,187.35
17492,374.57,155,1,1,374.57
12873,374.0,128,1,1,374.0
13351,373.94,117,1,1,373.94
16239,372.9,218,3,2,186.45
17375,372.5,361,4,3,124.17
12981,372.21999999999997,242,2,2,186.11
15472,371.56,251,1,1,371.56
16776,371.54,254,1,1,371.54
15975,371.01,243,1,1,371.01
15063,370.79999999999995,56,1,1,370.8
16758,369.34000000000003,203,1,1,369.34
14888,369.2,184,1,1,369.2
15345,367.69,78,2,1,367.69
17765,367.63,143,3,3,122.54
16065,367.14,228,1,1,367.14
18181,366.85,133,1,1,366.85
17911,366.23,223,1,1,366.23
17432,365.76,207,2,2,182.88
13300,365.29,201,2,1,365.29
16202,365.27,191,1,1,365.27
15429,364.90000000000003,369,3,2,182.45
14886,364.8,160,1,1,364.8
15949,364.72,284,2,2,182.36
12373,364.6,197,1,1,364.6
15343,364.5,84,1,1,364.5
14528,364.21999999999997,278,1,1,364.22
16909,364.14,434,2,1,364.14
12538,363.95,191,1,1,363.95
17330,363.9,120,2,2,181.95
14171,363.79,167,1,1,363.79
16509,363.7,64,1,1,363.7
12915,363.65,93,2,2,181.82
18056,363.65,211,1,1,363.65
16485,363.65,235,1,1,363.65
15922,363.6,136,2,1,363.6
14932,363.53,80,1,1,363.53
13856,363.4,484,5,3,121.13
14427,363.34000000000003,228,2,2,181.67
14594,363.33,183,2,2,181.66
16903,363.2,247,1,1,363.2
16378,362.95,267,3,3,120.98
17573,362.9,302,4,3,120.97
16052,362.06,282,1,1,362.06
15025,361.96,184,1,1,361.96
13844,361.62,196,1,1,361.62
16769,361.54,80,1,1,361.54
13936,361.28,324,2,1,361.28
14950,361.25,135,2,1,361.25
16305,361.21999999999997,256,1,1,361.22
13291,361.11,233,1,1,361.11
17358,360.81,190,2,2,180.4
16595,360.16,335,1,1,360.16
13780,360.01,318,2,2,180.0
13298,360.0,96,1,1,360.0
15664,358.63,141,2,1,358.63
17948,358.56000000000006,144,1,1,358.56
16823,358.38,136,1,1,358.38
13228,358.0,200,1,1,358.0
13976,357.98,154,1,1,357.98
17025,357.77,235,3,3,119.26
18040,357.20000000000005,148,2,2,178.6
13453,356.97999999999996,134,2,2,178.49
14500,356.85,117,3,3,118.95
15247,356.0,160,1,1,356.0
16372,355.73,158,2,2,177.86
12544,355.7,132,2,1,355.7
14537,355.56,120,1,1,355.56
17742,355.11,89,2,2,177.56
12845,354.09,204,4,4,88.52
13173,353.65,277,2,2,176.82
13210,353.48,316,1,1,353.48
14804,353.27,121,1,1,353.27
12617,352.98,210,1,1,352.98
15678,352.7,184,1,1,352.7
18112,352.69,255,2,2,176.34
16274,351.75,153,1,1,351.75
15901,351.73,379,3,3,117.24
14333,351.45,52,2,1,351.45
15870,351.44,333,1,1,351.44
15789,351.3,438,1,1,351.3
13923,351.13,185,1,1,351.13
13332,350.9,179,1,1,350.9
15334,350.82,273,3,3,116.94
13740,350.75,425,1,1,350.75
13919,350.15999999999997,437,3,2,175.08
13108,350.06,298,1,1,350.06
12532,349.83000000000004,153,1,1,349.83
13670,349.7,282,1,1,349.7
13887,349.55,147,1,1,349.55
15405,349.1,193,1,1,349.1
13927,348.99,214,1,1,348.99
17252,348.91,192,2,2,174.46
13790,348.8,748,1,1,348.8
12527,348.71000000000004,234,3,3,116.24
16159,348.2,236,1,1,348.2
13052,348.15000000000003,222,1,1,348.15
14379,348.1,292,2,2,174.05
18155,347.82,258,4,3,115.94
17668,347.75,93,2,2,173.88
12895,347.3,204,3,2,173.65
18127,347.08,187,3,3,115.69
13587,347.0,160,3,1,347.0
13062,346.98,343,1,1,346.98
15713,346.75,149,3,2,173.38
12566,346.7,264,2,1,346.7
13649,346.6,139,2,2,173.3
16423,346.12,230,1,1,346.12
16858,345.89000000000004,83,2,1,345.89
15840,345.66,394,3,2,172.83
17123,345.29999999999995,246,1,1,345.3
13774,345.0,192,1,1,345.0
14633,344.90000000000003,96,1,1,344.9
16978,344.33,166,1,1,344.33
17569,344.14,159,1,1,344.14
13068,344.0,200,2,2,172.0
15120,343.82,292,2,1,343.82
15047,343.62,222,1,1,343.62
15520,343.5,314,1,1,343.5
18081,343.45,195,3,3,114.48
12715,343.36,192,1,1,343.36
12875,343.2300000000001,2019,2,2,171.62
14320,343.11,239,3,2,171.56
18250,342.92,198,2,1,342.92
17795,342.83,305,2,2,171.42
16851,342.45,271,3,3,114.15
17835,342.24,344,3,3,114.08
14690,341.96,160,3,2,170.98
16826,341.7,158,1,1,341.7
13347,341.36,205,1,1,341.36
14491,340.93,139,2,2,170.46
15115,340.11,157,1,1,340.11
13737,339.59999999999997,125,1,1,339.6
17045,339.44,106,3,3,113.15
16545,339.3,78,1,1,339.3
17697,338.95,93,1,1,338.95
16183,338.71000000000004,113,1,1,338.71
13569,338.62,156,2,2,169.31
15652,337.74,208,1,1,337.74
17736,337.49,237,4,3,112.5
15942,337.44,232,1,1,337.44
13930,337.34,274,2,2,168.67
15900,337.28,216,1,1,337.28
17973,337.04,176,1,1,337.04
16105,336.96,330,1,1,336.96
15619,336.40000000000003,136,1,1,336.4
17384,336.4,88,2,2,168.2
18078,336.13,145,2,2,168.06
14196,335.52,142,1,1,335.52
16063,335.32,262,1,1,335.32
17917,335.03,184,3,3,111.68
12489,334.93,105,1,1,334.93
14988,334.54,141,1,1,334.54
15466,334.53,246,1,1,334.53
17221,334.48,287,2,2,167.24
12350,334.4,197,1,1,334.4
15918,334.23,153,2,2,167.12
13216,333.74,297,1,1,333.74
15781,333.56,178,4,3,111.19
13727,333.48,162,2,2,166.74
16625,333.08,164,1,1,333.08
13904,332.64,332,2,2,166.32
16850,332.41,249,1,1,332.41
16803,332.3,245,1,1,332.3
16177,331.95,95,1,1,331.95
16030,331.24,283,1,1,331.24
15210,331.18,228,1,1,331.18
16478,331.0,224,3,3,110.33
12891,331.0,950,3,3,110.33
17862,330.9,100,1,1,330.9
12519,330.84,175,1,1,330.84
13706,330.79,189,1,1,330.79
14517,330.45,91,2,2,165.22
15130,330.11,197,1,1,330.11
15714,330.03000000000003,186,2,2,165.02
16593,330.03,116,3,3,110.01
12953,329.85,84,1,1,329.85
17615,329.6,140,3,3,109.87
13239,329.56,327,1,1,329.56
17914,329.36,457,1,1,329.36
17154,329.34,490,1,1,329.34
15153,329.25,198,1,1,329.25
14012,328.8,160,1,1,328.8
17222,328.65,122,1,1,328.65
16343,328.58,175,2,2,164.29
16855,328.4,164,2,2,164.2
16318,328.15,199,1,1,328.15
15314,327.97,313,1,1,327.97
14024,327.7,150,2,2,163.85
15579,327.6,117,2,2,163.8
16366,327.3,256,1,1,327.3
14870,327.25,119,1,1,327.25
16322,326.75,231,2,2,163.38
17715,326.4,384,1,1,326.4
14987,326.4,128,2,2,163.2
16071,326.24,180,1,1,326.24
12844,325.96000000000004,125,2,2,162.98
16830,325.91,264,1,1,325.91
17866,325.7,173,2,1,325.7
15944,325.1,50,1,1,325.1
15213,325.05,270,3,2,162.52
12790,324.92,166,1,1,324.92
13801,324.8,168,1,1,324.8
16685,324.24,396,2,2,162.12
18261,324.24,146,2,2,162.12
15675,323.69,527,3,3,107.9
18276,323.36,184,3,1,323.36
15921,323.03000000000003,162,1,1,323.03
13955,322.96,154,2,2,161.48
16627,322.8,162,1,1,322.8
16342,322.41,157,4,4,80.6
14424,322.08,48,1,1,322.08
14484,321.92,210,1,1,321.92
17976,321.79,93,1,1,321.79
14823,321.43,88,3,3,107.14
13497,321.05,159,3,2,160.52
15236,321.05,269,1,1,321.05
12365,320.69,173,3,2,160.34
16096,320.62,155,1,1,320.62
14622,320.58000000000004,146,1,1,320.58
13986,320.46,430,1,1,320.46
13091,319.82,450,2,1,319.82
16716,319.8000000000001,44,3,2,159.9
14264,319.47,66,3,2,159.74
16499,319.1,122,5,2,159.55
16967,319.02,333,1,1,319.02
17229,318.76,185,2,2,159.38
17248,318.65,213,1,1,318.65
14703,318.17,183,1,1,318.17
17839,318.15,257,1,1,318.15
12648,318.05,160,1,1,318.05
15363,318.05,143,2,1,318.05
18066,318.0,108,1,1,318.0
17267,317.2,158,2,2,158.6
15385,316.88,161,1,1,316.88
15243,316.68,185,1,1,316.68
16761,316.62,341,1,1,316.62
15204,316.58,258,1,1,316.58
17458,316.5,170,1,1,316.5
13494,316.26000000000005,162,1,1,316.26
14479,316.25,117,2,2,158.12
15872,316.25,187,2,2,158.12
15597,315.71999999999997,276,2,1,315.72
18117,315.65,605,1,1,315.65
12614,315.6,76,1,1,315.6
16091,315.06,154,2,2,157.53
15766,315.06,170,1,1,315.06
16473,314.86,195,4,3,104.95
17237,314.69,105,2,2,157.34
16193,314.45,219,1,1,314.45
12650,314.44,254,1,1,314.44
14902,314.11,209,2,1,314.11
15970,314.1,116,1,1,314.1
13484,313.8,44,1,1,313.8
12888,313.77,68,4,2,156.88
16582,313.62,164,1,1,313.62
14729,313.49,197,1,1,313.49
17172,313.26,479,2,1,313.26
13845,312.98,182,1,1,312.98
15318,312.62,642,1,1,312.62
16739,312.55,169,2,1,312.55
14555,312.54,122,2,2,156.27
12834,312.38,110,1,1,312.38
13642,312.28,151,1,1,312.28
17362,312.23,191,2,2,156.12
16450,311.92,200,1,1,311.92
14142,311.81,313,1,1,311.81
15326,311.71,386,1,1,311.71
14951,311.69,311,1,1,311.69
14327,311.65,139,1,1,311.65
13990,311.3,190,1,1,311.3
17854,311.26,84,2,2,155.63
13897,311.16,200,1,1,311.16
15185,310.62,666,1,1,310.62
15224,310.48,150,3,2,155.24
14924,310.05,64,1,1,310.05
15101,310.03,239,3,2,155.01
15661,309.8,236,2,2,154.9
15699,309.65,113,1,1,309.65
14847,309.4,120,1,1,309.4
17604,309.36,169,2,2,154.68
12884,309.05,43,1,1,309.05
13787,309.04,337,2,2,154.52
15010,308.94,184,1,1,308.94
13699,308.58000000000004,66,1,1,308.58
17510,308.48,214,1,1,308.48
16227,308.32000000000005,88,2,1,308.32
14206,308.26,274,2,1,308.26
16123,307.78,170,1,1,307.78
13529,307.76,74,2,2,153.88
13395,307.72,336,1,1,307.72
13060,307.53,123,1,1,307.53
14716,307.51,495,2,2,153.76
17120,307.46,120,1,1,307.46
13932,307.4,72,1,1,307.4
13142,307.09,258,1,1,307.09
15087,306.94,470,1,1,306.94
16668,306.71999999999997,318,6,6,51.12
17334,306.6,314,3,2,153.3
17157,306.55,169,3,2,153.28
13718,306.55,173,2,2,153.28
15659,306.45,111,1,1,306.45
17176,306.13,170,1,1,306.13
15219,305.75,45,1,1,305.75
12785,305.71,128,2,1,305.71
16796,305.62,186,1,1,305.62
16181,305.54,152,1,1,305.54
13045,305.28000000000003,221,1,1,305.28
12623,305.1,191,1,1,305.1
17941,304.56,252,1,1,304.56
15163,304.47,186,2,2,152.24
18185,304.25,183,1,1,304.25
17070,304.24,131,1,1,304.24
16674,304.24,181,2,2,152.12
17732,303.97,93,1,1,303.97
16400,303.93,172,1,1,303.93
13343,303.93,126,2,1,303.93
13083,303.75,187,2,2,151.88
16689,303.26,168,3,2,151.63
17433,303.15999999999997,185,1,1,303.16
16425,302.7,199,1,1,302.7
14248,302.58,102,1,1,302.58
16386,302.57,205,2,2,151.28
18165,302.46000000000004,254,1,1,302.46
15308,302.27,173,2,1,302.27
15054,302.1,198,2,2,151.05
16715,301.71999999999997,642,1,1,301.72
15667,301.32,240,1,1,301.32
15148,301.29,187,1,1,301.29
15623,301.03,125,1,1,301.03
17978,300.91999999999996,499,1,1,300.92
16430,300.85,103,1,1,300.85
16479,300.83,102,2,2,150.42
14762,300.52,341,1,1,300.52
13304,300.42,238,1,1,300.42
15254,300.36,275,1,1,300.36
17793,300.34,226,1,1,300.34
12852,299.75,145,2,1,299.75
13863,299.56,219,2,1,299.56
18215,299.34000000000003,118,1,1,299.34
13667,299.05,149,1,1,299.05
15880,299.03,178,2,1,299.03
17824,298.4,408,1,1,298.4
16104,298.21,122,1,1,298.21
17678,298.11,207,1,1,298.11
12881,298.0,21,1,1,298.0
13466,297.95,258,2,1,297.95
18220,297.78000000000003,282,2,1,297.78
18053,297.07,301,2,1,297.07
15857,297.0,308,1,1,297.0
18059,296.71,253,4,3,98.9
13441,296.64,204,1,1,296.64
17266,296.58,153,3,3,98.86
13751,296.25,152,1,1,296.25
13504,295.93,178,1,1,295.93
14954,294.85,117,1,1,294.85
17912,294.65999999999997,182,6,5,58.93
16781,294.65,111,2,1,294.65
14747,294.3,82,2,1,294.3
17506,294.29,136,2,1,294.29
15060,294.25,257,4,4,73.56
17124,294.24,129,1,1,294.24
15732,294.12,215,2,2,147.06
17531,293.45,135,2,1,293.45
16402,293.45,146,2,2,146.72
17163,293.1,66,2,2,146.55
16721,292.47,172,1,1,292.47
16956,292.34,112,2,1,292.34
14985,292.01,256,2,2,146.0
13502,292.0,264,3,3,97.33
13449,291.88,222,1,1,291.88
13745,291.54,486,2,1,291.54
17255,291.48,227,2,2,145.74
14656,291.05,120,2,2,145.52
13479,291.0,133,3,2,145.5
14947,290.82,179,2,2,145.41
17691,290.40000000000003,134,2,2,145.2
16526,290.36,106,1,1,290.36
17551,290.34,142,1,1,290.34
13573,290.25,302,2,2,145.12
14784,289.99,237,2,2,145.0
17464,289.96000000000004,220,1,1,289.96
14339,289.90999999999997,150,4,1,289.91
17201,289.78,231,1,1,289.78
14162,289.36,142,2,2,144.68
16125,289.35,124,1,1,289.35
14549,289.24,136,1,1,289.24
15545,288.96999999999997,162,2,2,144.48
17081,288.91,77,2,2,144.46
17501,288.6,160,2,2,144.3
16808,288.42,196,2,2,144.21
15396,288.18,122,1,1,288.18
17977,288.14,342,1,1,288.14
17760,287.59,239,2,2,143.79
16432,287.4,276,1,1,287.4
16998,287.02000000000004,73,6,4,71.76
13760,286.79,197,2,2,143.4
16555,285.89,175,2,2,142.94
14660,285.74,228,2,2,142.87
14953,285.67,224,1,1,285.67
17080,285.5,164,3,2,142.75
13708,285.33,301,1,1,285.33
16429,284.55,9,1,1,284.55
13439,283.71,242,1,1,283.71
17783,283.47,354,2,2,141.74
13259,283.18,126,1,1,283.18
17694,283.12,184,1,1,283.12
13754,282.59999999999997,214,2,2,141.3
13177,282.45,91,1,1,282.45
16557,281.85,111,2,2,140.93
16848,281.42,182,1,1,281.42
16292,280.9,188,2,1,280.9
14242,280.55,123,2,2,140.28
16149,280.52,308,2,2,140.26
17247,280.09000000000003,105,1,1,280.09
14975,279.94,380,1,1,279.94
15556,279.77,236,1,1,279.77
14480,279.05,143,1,1,279.05
14850,278.15,285,2,1,278.15
14908,277.8,132,1,1,277.8
15279,277.40999999999997,185,2,1,277.41
13803,277.07,121,1,1,277.07
15355,277.05,45,2,2,138.52
13606,276.75,276,3,3,92.25
13272,276.56,96,2,2,138.28
13544,276.06,112,2,2,138.03
12750,275.88,137,1,1,275.88
16810,275.64,112,2,1,275.64
16297,275.4,180,4,1,275.4
14512,275.28,122,2,2,137.64
12703,274.7,161,2,1,274.7
18190,274.51,139,3,2,137.26
16313,274.15000000000003,165,2,2,137.08
16883,272.48,103,2,2,136.24
13085,272.38,108,3,2,136.19
17498,272.22,394,1,1,272.22
14819,272.07,109,2,2,136.04
13917,272.04,228,2,2,136.02
14816,271.85,5,1,1,271.85
13058,271.40000000000003,52,3,3,90.47
17767,271.2,128,1,1,271.2
17254,271.19,251,2,2,135.6
17496,271.05,79,1,1,271.05
17011,270.9,186,1,1,270.9
16648,270.85999999999996,269,2,1,270.86
15774,270.8,87,1,1,270.8
14520,270.6,146,2,2,135.3
13242,270.40000000000003,130,3,3,90.13
17094,270.20000000000005,148,2,1,270.2
15609,270.03000000000003,145,2,1,270.03
17251,269.83,108,1,1,269.83
13533,269.09,202,3,3,89.7
14727,268.58,62,1,1,268.58
14508,268.05,129,2,2,134.02
15408,267.18,106,1,1,267.18
17550,267.16,86,3,3,89.05
15320,267.13,326,1,1,267.13
15517,267.03,293,1,1,267.03
16451,266.97,120,1,1,266.97
17786,266.85,195,2,2,133.43
14863,266.76,132,1,1,266.76
13837,266.59000000000003,182,2,2,133.3
15119,266.4,88,1,1,266.4
12962,266.39,129,2,2,133.2
17636,265.93,176,2,1,265.93
14068,265.85,73,1,1,265.85
17430,265.76,190,2,2,132.88
14423,265.2,120,1,1,265.2
17968,265.1,151,1,1,265.1
13973,264.7,109,1,1,264.7
18108,264.65,82,2,1,264.65
15912,264.62,185,2,2,132.31
17403,263.92,111,1,1,263.92
13369,263.75,127,2,1,263.75
17708,263.33,90,2,2,131.66
12492,263.21000000000004,192,2,2,131.61
17194,262.62,119,2,2,131.31
16413,262.2,148,1,1,262.2
16936,261.9,171,1,1,261.9
13189,260.68,842,2,2,130.34
14053,260.25,215,2,2,130.12
15143,259.45,150,1,1,259.45
14149,259.43,129,3,1,259.43
16217,259.39000000000004,76,4,2,129.7
13127,259.17,127,1,1,259.17
14452,259.05,116,2,2,129.52
15577,258.88,89,3,3,86.29
14915,258.83,105,3,2,129.42
14350,258.7,166,2,1,258.7
13277,258.4,176,4,4,64.6
15894,258.25,164,2,2,129.12
13227,257.7,99,1,1,257.7
15014,257.67,149,2,2,128.84
13626,257.23,209,1,1,257.23
12430,256.4,117,1,1,256.4
13806,256.38,56,1,1,256.38
16727,256.32,167,1,1,256.32
17896,256.32,288,1,1,256.32
17385,256.11,197,1,1,256.11
16447,255.91,221,1,1,255.91
14761,255.9,118,2,2,127.95
15277,255.89999999999998,205,1,1,255.9
14881,255.4,316,1,1,255.4
16226,255.12,192,3,3,85.04
15261,254.82,270,1,1,254.82
13121,254.73,227,2,1,254.73
12604,254.18,201,2,2,127.09
14765,254.11,135,3,3,84.7
15689,254.1,84,2,2,127.05
12829,253.05,375,3,2,126.52
15759,253.04,60,3,3,84.35
15019,252.81,150,1,1,252.81
15035,252.73000000000002,245,1,1,252.73
13404,252.49,111,2,2,126.24
15346,252.42000000000002,144,1,1,252.42
13645,252.1,158,1,1,252.1
13711,252.06,140,2,2,126.03
16836,251.87,165,2,2,125.94
17155,251.70000000000002,242,2,2,125.85
16976,251.51999999999998,88,1,1,251.52
13512,251.21,143,1,1,251.21
16024,251.03,397,1,1,251.03
14764,250.55,175,2,1,250.55
13207,250.26000000000002,130,2,2,125.13
16596,250.15,97,2,2,125.08
17303,250.04,144,1,1,250.04
15510,250.0,2,1,1,250.0
17456,249.86,222,1,1,249.86
17190,249.74,160,3,2,124.87
13061,248.61,107,1,1,248.61
16510,248.1,92,1,1,248.1
15097,248.08,170,1,1,248.08
13592,247.95999999999998,84,4,4,61.99
15107,247.66,161,8,6,41.28
13349,247.32,225,1,1,247.32
14658,247.15,47,2,2,123.58
15783,246.3,212,1,1,246.3
17278,246.04,179,1,1,246.04
12908,246.0,0,4,2,123.0
16778,245.94,194,2,2,122.97
17771,245.81,287,2,2,122.9
12660,245.1,127,1,1,245.1
15118,244.8,1440,1,1,244.8
16528,244.41,171,1,1,244.41
17892,244.1,109,3,3,81.37
17925,244.08,72,1,1,244.08
13103,243.94,82,1,1,243.94
16793,243.84,146,1,1,243.84
16048,243.69000000000003,143,3,2,121.85
13886,243.56,126,1,1,243.56
15634,243.55,99,1,1,243.55
17339,243.36,152,2,2,121.68
16601,242.7,133,1,1,242.7
16215,242.35,104,1,1,242.35
18009,242.29,123,2,1,242.29
16330,242.21,145,4,3,80.74
15776,241.62,138,1,1,241.62
14523,241.09,251,1,1,241.09
16427,241.06,156,2,2,120.53
17051,240.89000000000001,179,1,1,240.89
15286,240.55,55,1,1,240.55
13565,240.22,172,2,2,120.11
17256,240.0,141,2,2,120.0
17181,239.92000000000002,241,2,2,119.96
15690,239.76,408,2,2,119.88
13570,239.49,161,1,1,239.49
17684,239.41,145,1,1,239.41
16756,239.4,106,1,1,239.4
18270,238.95000000000002,97,3,2,119.48
12561,238.85,177,1,1,238.85
12718,238.25,203,1,1,238.25
17877,237.61,98,1,1,237.61
15457,237.07,132,1,1,237.07
18024,236.77999999999997,148,3,2,118.39
12732,236.26000000000002,111,1,1,236.26
16026,236.09,243,1,1,236.09
14647,236.04000000000002,91,1,1,236.04
13187,236.02,95,1,1,236.02
15598,235.68,156,3,1,235.68
14375,235.56,184,1,1,235.56
15850,234.88,298,2,2,117.44
15462,234.6,172,3,3,78.2
14473,234.34000000000003,88,2,2,117.17
17060,234.24,216,1,1,234.24
16961,234.17,125,1,1,234.17
12736,234.0,173,1,1,234.0
13348,233.76,136,1,1,233.76
16583,233.45,111,1,1,233.45
13678,232.6,924,1,1,232.6
18213,232.48000000000002,232,1,1,232.48
16117,232.21,130,1,1,232.21
16971,232.20999999999998,71,2,1,232.21
15257,232.14999999999998,45,2,1,232.15
17908,232.03,169,1,1,232.03
14995,231.98000000000002,102,2,2,115.99
15393,231.86,150,2,2,115.93
17111,231.61,282,1,1,231.61
16641,231.10000000000002,256,1,1,231.1
16321,230.70000000000002,78,7,5,46.14
16445,230.51,111,1,1,230.51
17125,230.5,281,1,1,230.5
13786,230.39999999999998,136,1,1,230.4
16926,230.25,35,1,1,230.25
13960,230.22,142,2,2,115.11
14311,229.71,125,2,1,229.71
12812,229.64000000000001,164,1,1,229.64
15528,229.33,123,1,1,229.33
17347,228.96,216,1,1,228.96
13146,228.91,154,1,1,228.91
13712,228.84,352,1,1,228.84
13070,228.8,110,1,1,228.8
17969,228.2,152,2,2,114.1
16527,228.06,106,1,1,228.06
14569,227.39,79,1,1,227.39
17212,226.85,147,1,1,226.85
13474,226.84,129,1,1,226.84
17572,226.75000000000003,95,4,4,56.69
18005,226.47,86,2,2,113.24
17860,226.45000000000002,93,1,1,226.45
16315,226.37,75,1,1,226.37
17789,225.9,74,1,1,225.9
12672,225.89999999999998,78,1,1,225.9
14624,225.85,162,2,2,112.92
12402,225.6,94,1,1,225.6
14052,225.36,89,1,1,225.36
15483,225.26,291,4,4,56.32
16587,225.15,71,1,1,225.15
14357,225.12,147,1,1,225.12
17171,224.91,185,1,1,224.91
15154,224.73,85,2,1,224.73
15175,224.14,454,1,1,224.14
16471,223.95000000000002,141,1,1,223.95
16753,223.92000000000002,189,1,1,223.92
14929,223.88,136,1,1,223.88
13926,223.85000000000002,104,1,1,223.85
17534,223.36,103,1,1,223.36
15637,223.36,128,1,1,223.36
13382,222.99,131,1,1,222.99
16777,222.62,62,2,2,111.31
18101,222.4,87,2,2,111.2
14598,221.97,189,1,1,221.97
14960,221.27,221,2,2,110.64
13419,221.06,275,1,1,221.06
18030,220.7,66,3,2,110.35
16482,220.62,346,1,1,220.62
13079,220.10000000000002,62,5,5,44.02
18114,220.1,55,1,1,220.1
13600,219.52,324,1,1,219.52
15096,219.39000000000001,120,1,1,219.39
12702,219.0,53,1,1,219.0
14205,218.78,99,4,2,109.39
15790,218.75,113,1,1,218.75
13669,218.55,237,2,2,109.28
12574,218.45,61,1,1,218.45
14570,218.06,95,2,2,109.03
16634,217.9,82,2,2,108.95
16392,217.89,201,1,1,217.89
15554,217.2,74,1,1,217.2
13739,216.9,54,1,1,216.9
13503,216.85,248,1,1,216.85
12897,216.5,110,2,2,108.25
15604,216.39,159,1,1,216.39
17436,216.29999999999998,90,2,2,108.15
14104,216.20999999999998,72,2,2,108.1
13858,216.17,75,1,1,216.17
18212,216.07,92,1,1,216.07
16179,215.83,99,1,1,215.83
17580,215.72,88,3,3,71.91
16189,215.48,134,2,2,107.74
16190,215.08,88,1,1,215.08
16519,215.07999999999998,54,2,2,107.54
12831,215.05,135,1,1,215.05
12588,214.89999999999998,53,1,1,214.9
16338,214.79999999999998,94,1,1,214.8
17619,214.37,124,1,1,214.37
16846,214.32,135,1,1,214.32
15460,214.26,107,1,1,214.26
14793,214.14,88,2,1,214.14
16647,214.06,146,2,2,107.03
14601,213.96,168,1,1,213.96
13621,213.85,343,1,1,213.85
17153,213.78,104,1,1,213.78
14241,213.70000000000002,146,1,1,213.7
13411,213.55,72,1,1,213.55
16591,213.5,41,1,1,213.5
15540,213.3,200,1,1,213.3
16897,213.03,58,3,2,106.52
18193,212.96,120,3,1,212.96
16302,212.82,134,2,1,212.82
17928,212.54,140,2,2,106.27
15724,212.3,72,3,2,106.15
15866,211.89,124,1,1,211.89
16017,211.88,102,1,1,211.88
16411,211.7,131,2,2,105.85
15703,211.5,66,1,1,211.5
16356,210.32000000000002,92,4,3,70.11
13532,210.31,129,1,1,210.31
13828,209.49,311,1,1,209.49
17855,208.97,197,1,1,208.97
15327,208.75,116,1,1,208.75
17514,208.65,135,1,1,208.65
16690,208.63,137,3,2,104.32
15897,208.59,223,2,2,104.3
16457,208.36,140,1,1,208.36
12547,207.79999999999998,134,2,2,103.9
18191,207.79999999999998,140,1,1,207.8
16866,207.73999999999998,60,3,3,69.25
15052,207.73000000000002,79,1,1,207.73
17923,207.50000000000003,50,1,1,207.5
16323,207.50000000000003,50,1,1,207.5
16752,207.5,54,1,1,207.5
13099,207.35999999999999,288,1,1,207.36
15925,207.15,93,1,1,207.15
15820,206.98,128,1,1,206.98
14964,206.21,143,1,1,206.21
13065,205.86,74,1,1,205.86
17670,205.7,110,1,1,205.7
17843,205.48,113,1,1,205.48
15307,205.3,37,1,1,205.3
15758,205.25,47,1,1,205.25
13513,205.1,109,1,1,205.1
15319,204.5,175,1,1,204.5
16619,204.41,129,2,1,204.41
17206,204.24,76,1,1,204.24
18273,204.0,80,3,3,68.0
13017,204.0,48,1,1,204.0
17187,203.95,144,1,1,203.95
17394,203.86999999999998,241,1,1,203.87
17891,203.85999999999999,393,1,1,203.86
17376,203.2,86,2,2,101.6
14381,202.68,146,1,1,202.68
18169,202.65,61,1,1,202.65
14984,202.37,58,2,2,101.18
16895,202.27,91,1,1,202.27
14385,202.11,159,3,3,67.37
13428,201.78,151,1,1,201.78
15347,201.60000000000002,130,1,1,201.6
17889,201.37,77,2,2,100.68
16965,201.19,291,1,1,201.19
13859,201.16,129,1,1,201.16
18126,200.92000000000002,135,1,1,200.92
12995,200.72,98,2,1,200.72
13262,200.29,125,1,1,200.29
16415,200.27,178,1,1,200.27
15437,200.16,79,1,1,200.16
13980,200.14,172,1,1,200.14
14782,200.10000000000002,114,1,1,200.1
13723,199.85000000000002,43,1,1,199.85
15593,199.8,60,1,1,199.8
13322,199.48000000000002,117,1,1,199.48
16832,199.15,33,3,3,66.38
17987,198.57,261,1,1,198.57
13295,197.95000000000002,81,2,1,197.95
16178,197.9,94,1,1,197.9
12450,197.88,128,2,2,98.94
12581,197.71,161,1,1,197.71
14185,197.65,6,1,1,197.65
14789,197.64,116,1,1,197.64
16829,197.22,99,1,1,197.22
14304,197.1,54,2,1,197.1
15234,197.0,196,1,1,197.0
13436,196.89,76,1,1,196.89
13978,196.79000000000002,315,2,2,98.4
13284,196.15,79,2,1,196.15
16112,195.73999999999998,574,4,4,48.93
13792,195.55,92,2,2,97.78
14666,195.25,161,1,1,195.25
15612,195.15,52,2,2,97.58
17475,194.37,178,1,1,194.37
12797,194.18,79,3,1,194.18
15683,193.75,131,1,1,193.75
17343,193.64,56,1,1,193.64
15198,193.64,120,2,2,96.82
16847,193.44,78,1,1,193.44
14806,193.39000000000001,330,1,1,193.39
17383,193.39000000000001,148,1,1,193.39
14476,193.0,110,1,1,193.0
12522,192.72,194,2,2,96.36
12791,192.60000000000002,97,1,1,192.6
16887,192.32999999999998,156,1,1,192.33
17608,191.99,229,2,2,96.0
14100,191.95000000000002,63,1,1,191.95
15909,191.94,98,1,1,191.94
17988,191.17000000000002,42,8,7,27.31
15692,191.04,138,1,1,191.04
17233,190.88,131,1,1,190.88
15723,190.7,73,1,1,190.7
13033,190.55,83,1,1,190.55
15412,190.53,108,1,1,190.53
14501,190.31,119,3,2,95.16
13972,190.25,187,2,2,95.12
12361,189.9,91,1,1,189.9
17166,189.49,75,3,2,94.74
13663,189.47,91,1,1,189.47
14801,189.34,173,1,1,189.34
14830,188.88,164,1,1,188.88
14697,188.60999999999999,181,2,2,94.3
17781,188.02,34,2,2,94.01
17279,187.82999999999998,48,1,1,187.83
16900,187.6900000000001,723,5,3,62.56
18013,187.29,285,2,2,93.64
16124,187.15,41,2,1,187.15
13568,187.05,66,1,1,187.05
17693,187.02,229,3,1,187.02
14551,186.23,106,2,2,93.12
15567,186.01,223,1,1,186.01
12641,185.9,72,1,1,185.9
17574,185.65,77,1,1,185.65
17010,185.46,116,2,1,185.46
14199,185.39999999999998,28,1,1,185.4
16097,185.04999999999998,87,1,1,185.05
13482,184.64,116,1,1,184.64
17680,184.4,96,1,1,184.4
16433,184.26,106,1,1,184.26
15124,184.19,233,2,2,92.1
16914,183.76,112,1,1,183.76
16680,183.7,94,1,1,183.7
14059,183.6,128,1,1,183.6
13460,183.44,286,2,2,91.72
13059,183.4,35,1,1,183.4
14966,183.02,179,1,1,183.02
16448,182.99,76,1,1,182.99
15746,182.96,130,2,1,182.96
14082,182.25,110,1,1,182.25
16594,181.09,64,1,1,181.09
15886,181.09,147,1,1,181.09
15945,181.0,52,1,1,181.0
16835,180.85,61,2,2,90.42
18119,180.7,124,1,1,180.7
18280,180.60000000000002,45,1,1,180.6
13710,180.48,176,1,1,180.48
14722,180.42000000000002,118,1,1,180.42
12622,180.1,69,1,1,180.1
12586,179.94000000000003,77,2,1,179.94
15041,179.93,103,1,1,179.93
18147,179.33999999999997,203,2,2,89.67
15895,179.17,94,1,1,179.17
15454,179.1,86,1,1,179.1
14705,179.0,100,1,1,179.0
16990,179.0,100,1,1,179.0
15139,178.96,208,2,2,89.48
16620,178.96,88,2,2,89.48
15262,178.95000000000002,73,1,1,178.95
17660,178.75,121,1,1,178.75
14087,178.72,249,2,1,178.72
13778,178.7,70,1,1,178.7
17879,178.51999999999998,45,1,1,178.52
13008,178.46999999999997,115,2,1,178.47
15292,178.39,55,1,1,178.39
18045,178.34,138,1,1,178.34
17253,178.26,43,1,1,178.26
17356,178.22,166,1,1,178.22
13618,177.34,246,1,1,177.34
12618,177.31,96,1,1,177.31
13072,177.15,69,1,1,177.15
17440,177.1,232,5,3,59.03
17947,176.68,168,1,1,176.68
18282,176.6,98,3,2,88.3
16080,176.6,104,3,2,88.3
12893,176.55,90,1,1,176.55
12509,176.5,55,1,1,176.5
17582,175.27,123,1,1,175.27
17331,175.2,16,1,1,175.2
16144,175.2,16,1,1,175.2
18010,174.8,60,1,1,174.8
13826,174.65,80,2,1,174.65
14355,174.4,92,1,1,174.4
14518,174.37,278,1,1,174.37
18278,173.9,66,1,1,173.9
14798,173.74,150,3,3,57.91
16565,173.7,46,1,1,173.7
12441,173.55,121,1,1,173.55
17772,173.45,55,2,2,86.72
15565,173.16,60,2,2,86.58
15670,173.05,91,1,1,173.05
14693,172.9,34,1,1,172.9
12923,172.82,68,1,1,172.82
13271,172.37,168,2,1,172.37
18048,172.29000000000002,127,2,2,86.15
13922,172.25,93,1,1,172.25
13690,172.25,67,1,1,172.25
12442,172.06,182,1,1,172.06
16773,171.59,171,1,1,171.59
17245,171.45,75,1,1,171.45
13560,171.42000000000002,63,1,1,171.42
15432,171.19,65,1,1,171.19
14536,170.95,39,1,1,170.95
17542,170.75,134,1,1,170.75
15335,170.22,79,1,1,170.22
18058,170.16,88,1,1,170.16
15016,170.04,76,1,1,170.04
13962,169.55,87,2,2,84.78
14218,169.48000000000002,160,1,1,169.48
12367,168.9,173,1,1,168.9
14578,168.63,240,1,1,168.63
14860,168.62,230,2,1,168.62
18110,168.55,65,2,1,168.55
17904,168.32,58,2,1,168.32
18099,168.31,149,1,1,168.31
16282,168.3,114,1,1,168.3
17737,168.24,108,2,2,84.12
15986,168.12,268,1,1,168.12
15374,168.0,126,1,1,168.0
12551,168.0,100,1,1,168.0
16952,167.61,92,2,2,83.8
17367,167.55,149,1,1,167.55
15920,167.5,99,4,4,41.88
16405,167.25,187,2,2,83.62
14326,166.85,99,2,1,166.85
17650,166.08,150,1,1,166.08
12817,166.04,53,1,1,166.04
18088,166.03,107,1,1,166.03
17561,165.12,144,1,1,165.12
18042,165.04999999999998,33,1,1,165.05
13470,165.0,100,2,2,82.5
15316,165.0,100,1,1,165.0
15904,164.68,84,1,1,164.68
17535,164.4,136,1,1,164.4
13603,164.34,164,1,1,164.34
14552,164.22,90,1,1,164.22
14354,163.62,210,2,2,81.81
17110,163.29999999999998,50,1,1,163.3
17301,163.24,137,1,1,163.24
13223,163.20000000000002,88,2,2,81.6
14485,162.8,70,1,1,162.8
12920,162.78,128,1,1,162.78
16517,162.7,96,1,1,162.7
15733,162.3,62,1,1,162.3
18014,162.22,66,1,1,162.22
15325,161.74,231,1,1,161.74
17600,161.67000000000002,144,1,1,161.67
15458,161.64,156,1,1,161.64
16113,161.38,176,1,1,161.38
16403,161.04999999999998,103,2,1,161.05
14237,161.0,38,1,1,161.0
13229,160.95,63,1,1,160.95
15852,160.71,48,2,2,80.36
12573,160.54000000000002,84,1,1,160.54
18203,160.42000000000002,43,1,1,160.42
18146,160.35000000000002,153,2,2,80.18
14714,160.19,229,1,1,160.19
12966,160.18,75,1,1,160.18
16213,159.0,48,1,1,159.0
18224,158.95000000000002,69,1,1,158.95
13937,158.85,123,1,1,158.85
15167,158.8,65,1,1,158.8
14089,158.75,133,1,1,158.75
17165,158.68,100,1,1,158.68
15160,158.16,84,1,1,158.16
15348,158.04,84,1,1,158.04
18004,157.92,75,1,1,157.92
17556,157.9,101,1,1,157.9
14799,157.7,146,1,1,157.7
17344,157.62,65,1,1,157.62
14148,157.2,16,1,1,157.2
17128,157.09,76,1,1,157.09
14585,157.05,91,1,1,157.05
17118,157.02,154,1,1,157.02
15007,156.91,69,1,1,156.91
15988,156.78,180,1,1,156.78
14406,156.75,77,1,1,156.75
15438,156.57999999999998,59,1,1,156.58
15263,156.51,89,1,1,156.51
17885,156.34,110,1,1,156.34
13898,155.93,133,1,1,155.93
17871,155.9,182,1,1,155.9
17832,155.37,208,1,1,155.37
12738,155.35,148,1,1,155.35
15447,155.17,85,1,1,155.17
13809,155.05,29,1,1,155.05
14368,155.0,36,1,1,155.0
14046,154.99,460,1,1,154.99
17698,154.95,93,1,1,154.95
15740,154.88,152,1,1,154.88
17026,154.82999999999998,97,2,2,77.41
14295,154.70000000000002,82,2,1,154.7
17899,154.55,170,1,1,154.55
15226,154.41,71,1,1,154.41
16406,154.35,116,1,1,154.35
16921,154.18,154,1,1,154.18
17517,153.94,102,1,1,153.94
16351,153.9,90,1,1,153.9
12602,153.12,162,1,1,153.12
17714,153.0,92,1,1,153.0
16720,152.95,180,1,1,152.95
16248,152.94,78,1,1,152.94
14813,152.88,66,2,2,76.44
17984,152.68,98,1,1,152.68
18138,152.65,38,1,1,152.65
14066,152.55,45,1,1,152.55
17707,152.4,144,2,2,76.2
13514,152.20000000000002,40,1,1,152.2
14039,152.2,92,1,1,152.2
17898,152.06,190,2,2,76.03
16617,151.85,91,1,1,151.85
14208,151.74,114,1,1,151.74
16861,151.65,133,3,2,75.82
14362,151.5,96,1,1,151.5
17286,151.37,117,1,1,151.37
13697,151.29999999999998,177,1,1,151.3
14287,151.23000000000002,236,4,3,50.41
16337,151.05,87,1,1,151.05
14204,150.61,72,1,1,150.61
18200,150.35,104,1,1,150.35
15717,150.3,70,1,1,150.3
16932,150.23000000000002,82,1,1,150.23
17234,149.89000000000001,55,1,1,149.89
15869,149.64,175,2,2,74.82
17946,149.57999999999998,75,2,2,74.79
18262,149.48,182,1,1,149.48
15435,149.29,54,1,1,149.29
13003,149.05,103,3,3,49.68
17549,148.86,210,2,2,74.43
15526,148.44,24,2,2,74.22
14968,147.59,127,1,1,147.59
14098,147.35,104,1,1,147.35
13598,147.29,51,2,1,147.29
14037,147.20000000000002,46,2,2,73.6
12864,147.12,216,1,1,147.12
17030,146.87,146,1,1,146.87
14238,146.85,111,1,1,146.85
16893,145.93,62,1,1,145.93
17935,145.79,82,2,2,72.9
13866,145.67000000000002,57,1,1,145.67
15937,145.35,73,1,1,145.35
17524,145.0,90,1,1,145.0
16852,144.91000000000003,56,2,2,72.46
12974,144.8,24,1,1,144.8
15748,144.36,50,1,1,144.36
17186,144.0,200,2,2,72.0
12587,144.0,51,1,1,144.0
13462,143.25,61,2,1,143.25
15705,143.1,62,1,1,143.1
16461,142.92,48,1,1,142.92
13299,142.5,30,1,1,142.5
16287,142.5,298,1,1,142.5
14386,142.4,54,1,1,142.4
13584,142.4,37,1,1,142.4
17859,141.92000000000002,102,1,1,141.92
13561,141.85999999999999,83,1,1,141.86
14041,141.41,94,1,1,141.41
15888,141.27,60,2,1,141.27
15503,141.04,70,1,1,141.04
16598,140.7,70,2,1,140.7
15388,140.54,88,1,1,140.54
13420,140.35,88,4,2,70.18
13483,140.34,160,1,1,140.34
14494,139.56,92,1,1,139.56
14073,139.54,128,2,1,139.54
14768,139.5,34,3,2,69.75
17718,139.35,83,1,1,139.35
16483,139.35,44,1,1,139.35
14772,139.26,82,1,1,139.26
18209,139.10000000000002,58,1,1,139.1
13273,138.98,153,1,1,138.98
18269,138.9,70,2,1,138.9
12902,138.68,66,1,1,138.68
14581,138.6,217,1,1,138.6
17122,138.32,80,1,1,138.32
13716,138.28,138,1,1,138.28
15663,138.14,106,1,1,138.14
16050,137.9,278,1,1,137.9
17709,137.45,17,1,1,137.45
17468,137.0,116,2,2,68.5
15691,136.8,72,1,1,136.8
14247,136.76999999999998,47,1,1,136.77
16412,135.99,63,1,1,135.99
12968,135.95,73,1,1,135.95
15042,135.93,30,1,1,135.93
14889,135.9,90,1,1,135.9
15419,135.86,230,1,1,135.86
16114,135.75000000000003,43,1,1,135.75
15174,135.75,145,1,1,135.75
16665,135.39999999999998,59,1,1,135.4
17972,135.19,36,1,1,135.19
16055,134.8,22,1,1,134.8
14340,134.7,58,1,1,134.7
15562,134.55,39,1,1,134.55
14174,134.46,94,1,1,134.46
14586,134.16,236,3,1,134.16
12837,134.1,24,1,1,134.1
14280,134.04,52,1,1,134.04
13217,133.62,114,5,3,44.54
14349,133.5,86,1,1,133.5
12445,133.4,62,1,1,133.4
17881,133.35000000000002,32,1,1,133.35
15709,133.25,121,1,1,133.25
17647,133.06,30,1,1,133.06
12512,132.18,96,2,2,66.09
17785,131.94,67,1,1,131.94
14438,131.9,82,1,1,131.9
12851,131.81,106,1,1,131.81
17455,131.7,66,1,1,131.7
14795,131.45000000000002,17,1,1,131.45
12565,131.17,75,2,1,131.17
15844,130.73999999999998,134,1,1,130.74
16679,129.75,29,1,1,129.75
16623,129.45,39,1,1,129.45
14483,129.2,95,2,1,129.2
15276,128.63,61,1,1,128.63
16828,128.5,59,2,2,64.25
17297,128.18,65,1,1,128.18
15543,127.86,86,1,1,127.86
17359,127.86,161,1,1,127.86
13781,127.84,30,1,1,127.84
15135,127.15,41,2,1,127.15
15578,127.1,52,1,1,127.1
15923,127.08,122,1,1,127.08
14962,126.7,44,1,1,126.7
13279,126.30000000000001,70,2,1,126.3
16414,126.25,27,2,2,63.12
15463,126.14,106,1,1,126.14
16988,126.12,43,1,1,126.12
12814,125.92,49,1,1,125.92
13522,125.80000000000001,44,1,1,125.8
14861,125.79,117,1,1,125.79
14890,125.65,51,1,1,125.65
15017,125.58,63,1,1,125.58
12531,125.22,45,1,1,125.22
17148,124.88,82,1,1,124.88
17578,124.74,90,2,1,124.74
16849,124.57,33,1,1,124.57
16569,124.2,93,1,1,124.2
14495,123.8,62,2,2,61.9
16658,123.24,40,1,1,123.24
15917,123.1,42,1,1,123.1
13876,122.7,36,1,1,122.7
13638,122.64,93,1,1,122.64
18018,122.14,55,2,2,61.07
13244,121.74000000000001,38,1,1,121.74
13182,121.18,201,1,1,121.18
15049,121.17000000000002,63,1,1,121.17
14413,121.05,67,1,1,121.05
15512,121.0,68,2,2,60.5
16611,120.99000000000001,46,2,1,120.99
13002,120.94999999999999,73,1,1,120.95
17446,120.9,198,2,2,60.45
14165,120.44,53,1,1,120.44
18015,120.03,157,1,1,120.03
14259,120.0,68,1,1,120.0
14314,120.0,296,1,1,120.0
14453,119.93,49,1,1,119.93
16542,119.62,46,1,1,119.62
15266,119.3,18,1,1,119.3
16666,118.98,233,1,1,118.98
15843,118.95000000000002,27,1,1,118.95
17079,118.80000000000001,24,1,1,118.8
14155,118.75,25,1,1,118.75
14076,118.67,79,1,1,118.67
13581,118.0,30,1,1,118.0
17654,117.55,41,1,1,117.55
15836,117.47,24,2,1,117.47
16959,117.35000000000001,49,1,1,117.35
13877,117.24,108,1,1,117.24
17117,116.19999999999999,68,1,1,116.2
17601,116.00999999999999,103,1,1,116.01
14143,115.8,30,1,1,115.8
15350,115.65,51,1,1,115.65
13067,115.46000000000001,32,1,1,115.46
18027,115.31,78,1,1,115.31
14972,114.77,28,1,1,114.77
13188,114.60000000000001,25,1,1,114.6
14632,114.56,96,1,1,114.56
16247,114.56,182,1,1,114.56
17852,114.34,53,2,2,57.17
17219,114.23,89,1,1,114.23
14652,114.18,53,1,1,114.18
12938,114.14,140,1,1,114.14
14582,114.11,73,1,1,114.11
15221,114.1,25,2,1,114.1
12651,114.0,78,1,1,114.0
12504,114.0,51,4,2,57.0
14457,113.64,88,1,1,113.64
15445,113.5,58,1,1,113.5
17217,113.5,24,1,1,113.5
18105,113.48000000000002,46,1,1,113.48
16913,113.44,82,1,1,113.44
15280,113.12,154,1,1,113.12
14689,112.8,76,1,1,112.8
13161,112.75,29,1,1,112.75
16697,112.75,27,1,1,112.75
13807,112.6,36,1,1,112.6
18129,112.55000000000001,48,1,1,112.55
15610,112.46000000000001,66,1,1,112.46
17038,112.4,28,1,1,112.4
14271,112.32,88,1,1,112.32
17967,112.27,73,1,1,112.27
13193,112.08,46,1,1,112.08
12756,112.07999999999998,144,1,1,112.08
17957,111.68,287,1,1,111.68
17887,111.35,30,1,1,111.35
18120,111.15,31,1,1,111.15
13508,110.97,24,1,1,110.97
13144,110.95,21,1,1,110.95
15537,110.92,29,1,1,110.92
13519,110.80000000000001,22,2,1,110.8
15853,110.8,135,1,1,110.8
16963,110.55000000000001,35,1,1,110.55
14641,110.46,90,1,1,110.46
12734,110.39999999999999,88,1,1,110.4
16792,110.38000000000001,44,2,2,55.19
17901,110.38,24,1,1,110.38
17836,110.21000000000001,88,1,1,110.21
13133,109.8,32,2,2,54.9
16363,109.36000000000001,52,1,1,109.36
14699,109.13000000000001,77,1,1,109.13
14345,108.97999999999999,50,1,1,108.98
13170,108.81,141,1,1,108.81
17639,108.5,49,1,1,108.5
16106,108.38,74,1,1,108.38
13226,108.21000000000001,80,1,1,108.21
12956,108.07,34,1,1,108.07
14661,107.95,35,1,1,107.95
17274,107.82,77,1,1,107.82
16784,107.6,24,1,1,107.6
15395,107.45,17,1,1,107.45
17893,107.21,149,1,1,107.21
16757,106.83000000000001,81,1,1,106.83
15168,106.56,52,1,1,106.56
15070,106.2,36,1,1,106.2
17791,106.1,46,1,1,106.1
12929,105.1,36,2,1,105.1
15775,104.9,68,1,1,104.9
14027,104.82,62,1,1,104.82
15607,104.76,202,1,1,104.76
15958,104.35,33,1,1,104.35
18174,104.0,50,1,1,104.0
18255,103.3,74,1,1,103.3
14542,103.25,19,1,1,103.25
18011,102.78999999999999,71,1,1,102.79
14836,102.44999999999999,45,3,3,34.15
17962,102.41,127,1,1,102.41
14981,102.12,97,1,1,102.12
16462,102.0,12,4,3,34.0
13948,102.0,40,1,1,102.0
18068,101.69999999999999,6,1,1,101.7
16516,101.69999999999999,58,1,1,101.7
17643,101.55,71,1,1,101.55
16006,101.4,84,1,1,101.4
18086,101.34,106,1,1,101.34
13101,101.19,113,1,1,101.19
13235,101.17000000000007,440,2,1,101.17
16344,101.10000000000001,18,1,1,101.1
14946,100.9,22,1,1,100.9
17427,100.8,34,1,1,100.8
14371,100.5,34,1,1,100.5
15973,99.77000000000002,87,3,1,99.77
13703,99.5,10,1,1,99.5
17939,99.14,40,1,1,99.14
17746,98.8,26,2,1,98.8
15256,98.45,55,1,1,98.45
17538,98.42,134,1,1,98.42
17349,98.25,102,1,1,98.25
15422,97.7,38,2,2,48.85
18277,97.63,67,2,1,97.63
12984,97.5,26,1,1,97.5
17325,96.8,60,1,1,96.8
15216,96.6,28,1,1,96.6
14642,96.12,76,1,1,96.12
17024,95.85,69,3,3,31.95
17895,95.45,127,1,1,95.45
18249,95.34,128,1,1,95.34
12548,95.19999999999999,49,1,1,95.2
16387,94.36,44,1,1,94.36
16073,94.35,37,2,1,94.35
13651,94.2,33,2,2,47.1
16339,94.05,21,1,1,94.05
15397,94.0,20,1,1,94.0
18033,93.82000000000001,252,1,1,93.82
15428,93.78,102,1,1,93.78
18227,93.75,21,1,1,93.75
13283,93.66,90,2,2,46.83
17991,93.35,25,2,2,46.68
12821,92.72,70,1,1,92.72
14054,92.46,62,1,1,92.46
12789,91.85,4,1,1,91.85
13551,91.80000000000001,12,1,1,91.8
13160,91.8,56,1,1,91.8
12659,91.68,105,1,1,91.68
15488,91.32000000000001,73,1,1,91.32
14353,90.6,64,1,1,90.6
13947,90.6,44,1,1,90.6
16506,90.30000000000001,42,2,2,45.15
15552,90.12,60,1,1,90.12
16597,90.04,184,1,1,90.04
14117,90.0,72,1,1,90.0
14974,89.94,37,1,1,89.94
14219,89.94,78,1,1,89.94
12686,89.14,107,1,1,89.14
14436,89.06,129,1,1,89.06
12353,89.0,20,1,1,89.0
15212,88.94999999999999,33,2,1,88.95
15083,88.2,38,1,1,88.2
18084,87.52999999999999,311,2,1,87.53
15180,87.5,36,1,1,87.5
13296,87.4,78,1,1,87.4
16498,86.12,42,3,2,43.06
15541,85.13000000000001,49,1,1,85.13
13841,85.0,100,1,1,85.0
13666,84.65,41,3,3,28.22
12401,84.3,11,1,1,84.3
17309,82.75,41,1,1,82.75
16424,82.56,82,2,1,82.56
13006,81.57,55,1,1,81.57
17620,81.44,60,1,1,81.44
18281,80.82,54,1,1,80.82
16789,80.8,32,1,1,80.8
13967,80.7,42,1,1,80.7
17752,80.64,192,1,1,80.64
14109,80.2,56,2,1,80.2
13747,79.6,8,1,1,79.6
15753,79.2,144,1,1,79.2
16078,79.2,16,1,1,79.2
17942,77.50000000000001,38,1,1,77.5
14785,77.4,84,2,2,38.7
13132,77.3,20,1,1,77.3
13992,76.8,64,1,1,76.8
14373,76.55,17,1,1,76.55
17536,76.5,6,1,1,76.5
14090,76.32000000000001,72,1,1,76.32
15668,76.32000000000001,72,1,1,76.32
18113,76.32000000000001,72,1,1,76.32
16148,76.32000000000001,72,1,1,76.32
17995,76.1,133,1,1,76.1
17628,75.75,79,1,1,75.75
16610,75.66,66,1,1,75.66
13403,75.0,44,1,1,75.0
16468,74.9,31,1,1,74.9
18050,74.4,40,1,1,74.4
13095,74.39999999999999,144,1,1,74.4
17960,73.78,41,1,1,73.78
12506,73.5,23,1,1,73.5
18032,73.5,42,1,1,73.5
16171,73.2,24,1,1,73.2
17906,72.9,26,1,1,72.9
13686,72.0,70,1,1,72.0
13938,71.66,70,1,1,71.66
13185,71.4,12,1,1,71.4
17022,71.0,108,1,1,71.0
16581,70.44,122,2,1,70.44
18037,70.02,20,6,6,11.67
15863,68.84,19,2,2,34.42
14393,67.95,13,1,1,67.95
17382,65.4,25,1,1,65.4
17747,64.65,11,2,1,64.65
13130,64.0,32,1,1,64.0
13302,63.75,5,1,1,63.75
17263,63.440000000000005,36,1,1,63.44
14840,62.85,31,1,1,62.85
13218,62.63999999999999,88,1,1,62.64
15516,62.43,27,3,3,20.81
13684,62.13,37,2,1,62.13
15729,62.0,24,2,1,62.0
12665,61.75,36,2,1,61.75
13194,60.7,26,1,1,60.7
17174,59.9,41,1,1,59.9
13391,59.8,4,1,1,59.8
13106,59.5,14,2,1,59.5
13682,59.5,10,1,1,59.5
14957,58.49,34,1,1,58.49
13080,58.08,120,1,1,58.08
17775,56.4,72,1,1,56.4
15899,56.25,39,1,1,56.25
13366,56.160000000000004,144,1,1,56.16
14760,53.8,28,2,1,53.8
16349,53.5,9,1,1,53.5
15504,52.83,33,1,1,52.83
14865,52.2,108,2,2,26.1
14682,52.0,80,2,2,26.0
15313,52.0,25,1,1,52.0
17844,51.559999999999995,52,1,1,51.56
14351,51.0,12,1,1,51.0
13011,50.550000000000004,13,1,1,50.55
18184,49.8,60,1,1,49.8
14821,48.800000000000004,20,1,1,48.8
15603,48.480000000000004,96,1,1,48.48
16257,46.95,2,1,1,46.95
14080,45.599999999999994,48,1,1,45.6
15423,43.5,101,1,1,43.5
14300,43.2,32,1,1,43.2
15992,41.989999999999995,17,1,1,41.99
13832,40.949999999999996,25,2,1,40.95
15178,40.5,30,1,1,40.5
14589,39.75,5,1,1,39.75
12977,39.239999999999995,12,1,1,39.24
16659,39.12,72,1,1,39.12
18019,38.45,7,1,1,38.45
12855,38.1,30,1,1,38.1
16162,37.4,4,1,1,37.4
17816,36.56,30,4,4,9.14
17831,35.400000000000006,12,1,1,35.4
14576,35.400000000000006,12,1,1,35.4
16856,35.400000000000006,12,1,1,35.4
15744,34.8,120,1,1,34.8
16765,34.0,4,1,1,34.0
17408,32.65,3,1,1,32.65
15940,31.799999999999997,3,2,1,31.8
13120,30.599999999999998,12,1,1,30.6
15657,30.0,24,1,1,30.0
17102,25.5,2,1,1,25.5
17986,20.8,10,1,1,20.8
16953,20.8,10,1,1,20.8
16093,17.0,20,1,1,17.0
17900,15.0,1,4,2,7.5
17763,15.0,12,1,1,15.0
13307,15.0,4,1,1,15.0
17956,12.75,1,1,1,12.75
16738,3.75,3,1,1,3.75
16446,2.8999999999941792,2,3,2,1.45
12454,5.684341886080802e-14,0,2,1,0.0
12558,1.0658141036401503e-14,0,2,1,0.0
12607,3.552713678800501e-15,0,2,1,0.0
13762,3.552713678800501e-15,0,2,1,0.0
18274,1.7763568394002505e-15,0,2,1,0.0
12346,0.0,0,2,1,0.0
16878,0.0,0,2,1,0.0
13364,0.0,0,2,1,0.0
14557,0.0,0,2,1,0.0
16742,0.0,-189,2,1,0.0
18268,0.0,0,2,1,0.0
14792,0.0,0,2,1,0.0
18072,-5.329070518200751e-15,46,2,1,-0.0
16995,-1.25,-1,1,0,
14679,-2.55,-1,1,0,
16428,-2.95,-1,1,0,
12943,-3.75,-1,1,0,
12505,-4.5,-1,1,0,
12605,-7.5,-4,1,0,
16138,-7.95,-1,1,0,
16454,-8.15,2,3,2,-4.08
17547,-11.8,-4,1,0,
12870,-14.899999999999999,-2,1,0,
14777,-17.45,-9,2,0,
14119,-19.9,-2,1,0,
14627,-21.85,-5,1,0,
17820,-24.05,-5,2,0,
16061,-29.95,-1,1,0,
15590,-30.19,-1,1,0,
16579,-30.599999999999998,-12,1,0,
16262,-31.65,-5,1,0,
13693,-32.0,-6,2,0,
18141,-35.400000000000006,-12,1,0,
14437,-43.400000000000006,59,2,1,-43.4
18256,-50.1,-70,1,0,
13672,-71.46,-1,6,2,-35.73
15638,-94.0,-52,1,0,
16546,-95.93,-303,3,2,-47.96
13829,-102.0,-12,1,0,
13958,-102.45,-23,1,0,
17065,-112.35,-1,1,0,
15728,-134.8,-34,1,0,
17548,-141.48,-132,3,1,-141.48
17307,-152.64000000000001,-144,1,0,
12666,-227.44,-56,1,0,
16252,-295.09,-158,1,0,
15802,-451.42,-1,3,1,-451.42
13154,-611.86,-1,1,0,
15823,-840.76,-283,2,1,-840.76
12503,-1126.0,-1,1,0,
17603,-1165.3,-31,5,1,-1165.3
14213,-1192.2,-244,1,0,
15369,-1592.49,-1,1,0,
17448,-4287.63,-1,1,0,
